,EventId,Template,Occurrences
0,b293e19f,"VolumeScanner(/opt/hdfs/data, DS-6c637255-<*>-43f6-<*>-bec8b1cc7d42) exiting.",5
1,c8752c79,"VolumeScanner(/opt/hdfs/data, DS-34c73160-<*>-47e8-<*>-c2d586e24001): Not scheduling suspect block BP-<*>-<*><*>:<*>_<*> for rescanning, because we rescanned it recently.",533
2,969b5bfb,Restored <*> block files from trash.,437
3,b74c8ddf,java.io.FileNotFoundException: /opt/hdfs/data/current/VERSION (Permission denied),2
4,63c85797,SHUTDOWN_MSG:,305
5,d3a82b60,"DatanodeRegistration(<*>, datanodeUuid=d9ef1b17-<*>-4cd8-91eb-095413c3427f, infoPort=<*>, infoSecurePort=<*>, ipcPort=<*>, storageInfo=lv=<*>;cid=CID-254fec23-fa57-<*>-<*>-92d5cf14cc2e;nsid=<*>;c=<*>):Got exception while serving BP-<*>-<*><*>:<*>_<*> to <*>",1
6,be296da1,"DatanodeRegistration(<*>, datanodeUuid=1e17ab02-baf4-<*>-88eb-bd036faa8cd3, infoPort=<*>, infoSecurePort=<*>, ipcPort=<*>, storageInfo=lv=<*>;cid=CID-254fec23-fa57-<*>-<*>-92d5cf14cc2e;nsid=<*>;c=<*>):Exception writing BP-<*>-<*><*>:<*>_<*> to mirror <*>",1
7,09704d33,"VolumeScanner(/tmp/hadoop-hdfs/dfs/data, DS-<*>-<*>-497e-8ba0-796f4680027d): finished scanning block pool BP-<*>-<*>-<*>",1
8,8603f7ae,"DatanodeRegistration(<*>, datanodeUuid=24324dad-05c2-478c-948f-459cb8677414, infoPort=<*>, infoSecurePort=<*>, ipcPort=<*>, storageInfo=lv=<*>;cid=CID-254fec23-fa57-<*>-<*>-92d5cf14cc2e;nsid=<*>;c=<*>) Starting thread to transfer BP-<*>-<*><*>:<*>_<*> to <*> <*> <*> <*> <*> <*> <*>",10
9,980000000000000050426661781918187520,"VolumeScanner(/opt/hdfs/data, DS-9a09120d-<*>-<*>-b289-cea074604f4a): Not scheduling suspect block BP-<*>-<*><*>:<*>_<*> for rescanning, because we rescanned it recently.",269
10,48d588ea,"src: <*>, dest: <*>, bytes: <*>, op: HDFS_WRITE, cliID: <*> offset: <*>, srvID: 591c16fa-ef87-<*>-b3ba-13eb8191028f, blockid: BP-<*>-<*><*>:<*>_<*>, duration: <*>",187411
11,53d52e40,"VolumeScanner(/opt/hdfs/data, DS-44fcd72c-68b5-4c2d-a193-0777cacd76d3): suspect block BP-<*>-<*><*>:<*>_<*> is already queued for rescanning.",1200
12,a6edd0f0,"DatanodeRegistration(<*>, datanodeUuid=d9ef1b17-<*>-4cd8-91eb-095413c3427f, infoPort=<*>, infoSecurePort=<*>, ipcPort=<*>, storageInfo=lv=<*>;cid=CID-254fec23-fa57-<*>-<*>-92d5cf14cc2e;nsid=<*>;c=<*>):Failed to transfer BP-<*>-<*><*>:<*>_<*> to <*> got",1
13,ec4466ea,"DatanodeRegistration(<*>, datanodeUuid=6bb9fad8-<*>-45cb-839b-b929e90f4a6c, infoPort=<*>, infoSecurePort=<*>, ipcPort=<*>, storageInfo=lv=<*>;cid=CID-254fec23-fa57-<*>-<*>-92d5cf14cc2e;nsid=<*>;c=<*>) Starting thread to transfer BP-<*>-<*><*>:<*>_<*> to <*>",21437
14,650e3aa8,"VolumeScanner(/opt/hdfs/data, DS-e4e85a3b-<*>-<*>-a632-b5b04f359dc3): finished scanning block pool BP-<*>-<*>-<*>",5
15,5bdc2086,"VolumeScanner(/opt/hdfs/data, DS-f3fe2187-b185-<*>-8fc2-53b08de7058c) exiting.",5
16,897638b1,"VolumeScanner(/opt/hdfs/data, DS-19583ec0-99ea-4dcc-b1c1-601e561bc714) exiting because of exception",6
17,dad8b474,"VolumeScanner(/opt/hdfs/data, DS-dbb4b57b-<*>-<*>-b455-c40d0a4fbe6b) exiting because of exception",6
18,95d986fa,"VolumeScanner(/opt/hdfs/data, DS-11caa2db-d7fa-4e34-<*>-e6b4ed7de3ec): Not scheduling suspect block BP-<*>-<*><*>:<*>_<*> for rescanning, because we rescanned it recently.",273
19,13ca9ad8,"VolumeScanner(/opt/hdfs/data, DS-5bc4e474-3d2b-4ca4-bea0-956ccd80a9a6): no suitable block pools found to scan. Waiting <*> ms.",60
20,12f4cb30,"DatanodeRegistration(<*>, datanodeUuid=6f633722-<*>-4ace-8c63-94b9829a3b13, infoPort=<*>, infoSecurePort=<*>, ipcPort=<*>, storageInfo=lv=<*>;cid=CID-254fec23-fa57-<*>-<*>-92d5cf14cc2e;nsid=<*>;c=<*>):Failed to transfer BP-<*>-<*><*>:<*>_<*> to <*> got",5
21,b05f3f10,Took 4385ms to process <*> commands from NN,1
22,ffd414e5,Configured hostname is mesos-slave-<*>,402
23,4e48f506,"DatanodeRegistration(<*>, datanodeUuid=0cbb6590-6a63-4e8d-b6fc-68bf01abba58, infoPort=<*>, infoSecurePort=<*>, ipcPort=<*>, storageInfo=lv=<*>;cid=CID-254fec23-fa57-<*>-<*>-92d5cf14cc2e;nsid=<*>;c=<*>) Starting thread to transfer BP-<*>-<*><*>:<*>_<*> to <*> <*>",34
24,cda340f2,"VolumeScanner(/opt/hdfs/data, DS-76445d18-d454-4ea4-ba1d-34302a85a21d) exiting because of exception",6
25,985ef4c0,"VolumeScanner(/tmp/hadoop-hdfs/dfs/data, DS-ad81e17e-638e-4ef8-87dd-9f0664626eda): no suitable block pools found to scan. Waiting <*> ms.",1
26,b1bf6bd0,STARTUP_MSG:,439
27,4071dea0,"DatanodeRegistration(<*>, datanodeUuid=696bb755-<*>-415a-8abd-b730d39cd282, infoPort=<*>, infoSecurePort=<*>, ipcPort=<*>, storageInfo=lv=<*>;cid=CID-254fec23-fa57-<*>-<*>-92d5cf14cc2e;nsid=<*>;c=<*>) Starting thread to transfer BP-<*>-<*><*>:<*>_<*> to <*> <*> <*> <*> <*> <*> <*>",5
28,53db5283,"DatanodeRegistration(<*>, datanodeUuid=c3a1996d-957e-<*>-91a7-6dd48549cb57, infoPort=<*>, infoSecurePort=<*>, ipcPort=<*>, storageInfo=lv=<*>;cid=CID-254fec23-fa57-<*>-<*>-92d5cf14cc2e;nsid=<*>;c=<*>):Failed to transfer BP-<*>-<*><*>:<*>_<*> to <*> got",3
29,148caa3f,Slow BlockReceiver write data to disk <*> (threshold=300ms),6817
30,7ca91e61,Added volume - <*> StorageType: DISK,431
31,2cee6224,"src: <*>, dest: <*>, bytes: <*>, op: HDFS_WRITE, cliID: <*> offset: <*>, srvID: 42a30b39-d95f-4c29-a5a1-cec1d992a339, blockid: BP-<*>-<*><*>:<*>_<*>, duration: <*>",153922
32,b9658f8e,"DatanodeRegistration(<*>, datanodeUuid=4f8dd80e-ab80-41ad-b045-99cfeb1828d2, infoPort=<*>, infoSecurePort=<*>, ipcPort=<*>, storageInfo=lv=<*>;cid=CID-254fec23-fa57-<*>-<*>-92d5cf14cc2e;nsid=<*>;c=<*>) Starting thread to transfer BP-<*>-<*><*>:<*>_<*> to <*> <*>",37
33,244d4c7d,"VolumeScanner(/opt/hdfs/data, DS-f1331212-<*>-4fd2-8c8d-bdeeec4566cc) exiting because of exception",5
34,aa4c59a4,Exception for BP-<*>-<*><*>:<*>_<*>,4
35,2036b66a,"VolumeScanner(/opt/hdfs/data, DS-38d42681-e839-47b4-b2e3-495cfc28cbab): finished scanning block pool BP-<*>-<*>-<*>",6
36,6627d64a,"DatanodeRegistration(<*>, datanodeUuid=6bb9fad8-<*>-45cb-839b-b929e90f4a6c, infoPort=<*>, infoSecurePort=<*>, ipcPort=<*>, storageInfo=lv=<*>;cid=CID-254fec23-fa57-<*>-<*>-92d5cf14cc2e;nsid=<*>;c=<*>) Starting thread to transfer BP-<*>-<*><*>:<*>_<*> to <*> <*>",18
37,70c67225,"VolumeScanner(/opt/hdfs/data, DS-38d42681-e839-47b4-b2e3-495cfc28cbab): Scheduling suspect block BP-<*>-<*><*>:<*>_<*> for rescanning.",245
38,8ea02844,"VolumeScanner(/opt/hdfs/data, DS-8de4ae37-fac2-404a-a8e3-dcecd440f907): finished scanning block pool BP-<*>-<*>-<*>",8
39,acafd375,Retrying connect to server: mesos-master-<*><*>. Already tried <*> time(s); maxRetries=<*>,162
40,523a1e6c,"VolumeScanner(/opt/hdfs/data, DS-e4e85a3b-<*>-<*>-a632-b5b04f359dc3) exiting because of exception",5
41,ef4a7504,Generated and persisted new Datanode UUID e659dd9a-5d49-41bb-<*>-7530e20218b<*>,1
42,f7cb1c17,"DatanodeRegistration(<*>, datanodeUuid=f80a7bac-b6b5-4c05-a6b8-e78c2c7aa549, infoPort=<*>, infoSecurePort=<*>, ipcPort=<*>, storageInfo=lv=<*>;cid=CID-254fec23-fa57-<*>-<*>-92d5cf14cc2e;nsid=<*>;c=<*>):Failed to transfer BP-<*>-<*><*>:<*>_<*> to <*> got",8
43,28ae614d,"DatanodeRegistration(<*>, datanodeUuid=4f8dd80e-ab80-41ad-b045-99cfeb1828d2, infoPort=<*>, infoSecurePort=<*>, ipcPort=<*>, storageInfo=lv=<*>;cid=CID-254fec23-fa57-<*>-<*>-92d5cf14cc2e;nsid=<*>;c=<*>) Starting thread to transfer BP-<*>-<*><*>:<*>_<*> to <*>",19333
44,4e494c11,"VolumeScanner(/tmp/hadoop-hdfs/dfs/data, DS-c0c1283f-1af1-46d9-<*>-db82f674691a): no suitable block pools found to scan. Waiting <*> ms.",1
45,a64ee5fb,"DatanodeRegistration(<*>, datanodeUuid=24324dad-05c2-478c-948f-459cb8677414, infoPort=<*>, infoSecurePort=<*>, ipcPort=<*>, storageInfo=lv=<*>;cid=CID-254fec23-fa57-<*>-<*>-92d5cf14cc2e;nsid=<*>;c=<*>):Failed to transfer BP-<*>-<*><*>:<*>_<*> to <*> got",1
46,54b32c16,For namenode mesos-master-<*><*> using DELETEREPORT_INTERVAL of <*> msec BLOCKREPORT_INTERVAL of 21600000msec CACHEREPORT_INTERVAL of 10000msec Initial delay: 0msec; heartBeatInterval=<*>,437
47,d8b875c3,Scanning block pool BP-<*>-<*><*> on volume <*>,431
48,baacab76,"VolumeScanner(/opt/hdfs/data, DS-9a09120d-<*>-<*>-b289-cea074604f4a): finished scanning block pool BP-<*>-<*>-<*>",7
49,0e85af20,"VolumeScanner(/opt/hdfs/data, DS-95002c56-707d-<*>-<*>-0183a98f8a44) exiting because of exception",5
50,78fde2ef,"src: <*>, dest: <*>, bytes: <*>, op: HDFS_WRITE, cliID: <*> offset: <*>, srvID: cf186bb5-4e79-4aaf-abd3-6d420db25497, blockid: BP-<*>-<*><*>:<*>_<*>, duration: <*>",252716
51,59b3f5f5,Formatting ...,106
52,5e233542,"VolumeScanner(/opt/hdfs/data, DS-38d42681-e839-47b4-b2e3-495cfc28cbab): suspect block BP-<*>-<*><*>:<*>_<*> is already queued for rescanning.",960
53,2763a875,Locking is disabled for <*>,431
54,d28ff9a5,"Successfully sent block report <*> containing <*> storage report(s), of which we sent <*>. The reports had <*> total blocks and used <*> RPC(s). This took <*> msec to generate and <*> msecs for RPC and NN processing. Got back one command: FinalizeCommand/<*>.",68745
55,e9dcab8a,"VolumeScanner(/tmp/hadoop-hdfs/dfs/data, DS-22c17f26-c20b-4d2f-<*>-fab6d836befe): finished scanning block pool BP-<*>-<*>-<*>",1
56,27b2f691,"VolumeScanner(/opt/hdfs/data, DS-11caa2db-d7fa-4e34-<*>-e6b4ed7de3ec): Scheduling suspect block BP-<*>-<*><*>:<*>_<*> for rescanning.",293
57,e6d4e4d6,opWriteBlock BP-<*>-<*><*>:<*>_<*> received exception java.io.IOException: Premature EOF from inputStream,4
58,3e910680,"VolumeScanner(/opt/hdfs/data, DS-0e51b58c-f127-4def-83f9-fe88d5536e52): Not scheduling suspect block BP-<*>-<*><*>:<*>_<*> for rescanning, because we rescanned it recently.",211
59,3d7fb32e,Opened <*> server at <*>,880
60,EventId,EventTemplate,0
61,02c0df40,"VolumeScanner(/opt/hdfs/data, DS-94864aae-c689-4aac-86cb-754ab8ffdd23) exiting.",6
62,96b6afd9,"DatanodeRegistration(<*>, datanodeUuid=42a30b39-d95f-4c29-a5a1-cec1d992a339, infoPort=<*>, infoSecurePort=<*>, ipcPort=<*>, storageInfo=lv=<*>;cid=CID-254fec23-fa57-<*>-<*>-92d5cf14cc2e;nsid=<*>;c=<*>) Starting thread to transfer BP-<*>-<*><*>:<*>_<*> to <*>",12023
63,07c88ed9,"DatanodeRegistration(<*>, datanodeUuid=f80a7bac-b6b5-4c05-a6b8-e78c2c7aa549, infoPort=<*>, infoSecurePort=<*>, ipcPort=<*>, storageInfo=lv=<*>;cid=CID-254fec23-fa57-<*>-<*>-92d5cf14cc2e;nsid=<*>;c=<*>) Starting thread to transfer BP-<*>-<*><*>:<*>_<*> to <*> <*>",38
64,15bddd6b,Datanode <*> forwarding connect ack to upstream firstbadlink is <*>,1
65,311e765c,Acknowledging ACTIVE Namenode Block pool BP-<*>-<*><*> (Datanode Uuid <*> service to mesos-master-<*><*>,431
66,a70095b0,"Added volume - /opt/hdfs/data/current, StorageType: DISK",6
67,9c32835e,"DatanodeRegistration(<*>, datanodeUuid=c5c0b742-2b9e-43f2-ba3a-91fd3f3972c4, infoPort=<*>, infoSecurePort=<*>, ipcPort=<*>, storageInfo=lv=<*>;cid=CID-254fec23-fa57-<*>-<*>-92d5cf14cc2e;nsid=<*>;c=<*>) Starting thread to transfer BP-<*>-<*><*>:<*>_<*> to <*>",20792
68,15ffd2e4,"DatanodeRegistration(<*>, datanodeUuid=bc724d4c-<*>-4cf7-85a2-552527e2d444, infoPort=<*>, infoSecurePort=<*>, ipcPort=<*>, storageInfo=lv=<*>;cid=CID-254fec23-fa57-<*>-<*>-92d5cf14cc2e;nsid=<*>;c=<*>):Failed to transfer BP-<*>-<*><*>:<*>_<*> to <*> got",3
69,15462d3a,"VolumeScanner(/opt/hdfs/data, DS-a0410d01-b2ce-49c7-ad6c-7373f9b7606b): Scheduling suspect block BP-<*>-<*><*>:<*>_<*> for rescanning.",244
70,f3883ebf,"VolumeScanner(/opt/hdfs/data, DS-5bc4e474-3d2b-4ca4-bea0-956ccd80a9a6): Scheduling suspect block BP-<*>-<*><*>:<*>_<*> for rescanning.",296
71,4a76149e,"DatanodeRegistration(<*>, datanodeUuid=591c16fa-ef87-<*>-b3ba-13eb8191028f, infoPort=<*>, infoSecurePort=<*>, ipcPort=<*>, storageInfo=lv=<*>;cid=CID-254fec23-fa57-<*>-<*>-92d5cf14cc2e;nsid=<*>;c=<*>) Starting thread to transfer BP-<*>-<*><*>:<*>_<*> to <*> <*>",38
72,075fbe33,Total time to add all replicas to map: <*>,437
73,973bbbb3,"VolumeScanner(/opt/hdfs/data, DS-e4e85a3b-<*>-<*>-a632-b5b04f359dc3): no suitable block pools found to scan. Waiting <*> ms.",16
74,51fb94fa,"VolumeScanner(/opt/hdfs/data, DS-dbb4b57b-<*>-<*>-b455-c40d0a4fbe6b) exiting.",6
75,440b66fa,"DatanodeRegistration(<*>, datanodeUuid=763295e4-6a5f-4f00-a559-614cb9d92271, infoPort=<*>, infoSecurePort=<*>, ipcPort=<*>, storageInfo=lv=<*>;cid=CID-254fec23-fa57-<*>-<*>-92d5cf14cc2e;nsid=<*>;c=<*>) Starting thread to transfer BP-<*>-<*><*>:<*>_<*> to <*> <*>",6
76,2c93d67b,"src: <*>, dest: <*>, bytes: <*>, op: HDFS_WRITE, cliID: <*> offset: <*>, srvID: 7fe0f580-2b25-40c8-b236-c5df5dd08ca7, blockid: BP-<*>-<*><*>:<*>_<*>, duration: <*>",242686
77,23f8f90f,"VolumeScanner(/opt/hdfs/data, DS-a1a5a67d-<*>-40ce-<*>-0d31e28f3de9): no suitable block pools found to scan. Waiting <*> ms.",17
78,6386dee1,"VolumeScanner(/opt/hdfs/data, DS-7a6c123d-b84a-4edc-abf8-95308e85b571): finished scanning block pool BP-<*>-<*>-<*>",17
79,53a8d6c7,"DatanodeRegistration(<*>, datanodeUuid=cfd79aa1-45f8-4e65-ad3a-96b42cd4bad2, infoPort=<*>, infoSecurePort=<*>, ipcPort=<*>, storageInfo=lv=<*>;cid=CID-254fec23-fa57-<*>-<*>-92d5cf14cc2e;nsid=<*>;c=<*>):Failed to transfer BP-<*>-<*><*>:<*>_<*> to <*> got",6
80,381f2bd9,Now scanning bpid BP-<*>-<*><*> on volume /opt/hdfs/data,1
81,fcb4d0e1,"DatanodeRegistration(<*>, datanodeUuid=2c1bdd15-d819-4dbe-aaa1-a0f8912a90e1, infoPort=<*>, infoSecurePort=<*>, ipcPort=<*>, storageInfo=lv=<*>;cid=CID-254fec23-fa57-<*>-<*>-92d5cf14cc2e;nsid=<*>;c=<*>) Starting thread to transfer BP-<*>-<*><*>:<*>_<*> to <*> <*>",35
82,ca625098,Removed Block pool <registering> (Datanode Uuid unassigned),2
83,b7465612,"VolumeScanner(/opt/hdfs/data, DS-f1331212-<*>-4fd2-8c8d-bdeeec4566cc): finished scanning block pool BP-<*>-<*>-<*>",6
84,cf15e2f7,"VolumeScanner(/opt/hdfs/data, DS-95002c56-707d-<*>-<*>-0183a98f8a44): suspect block BP-<*>-<*><*>:<*>_<*> is already queued for rescanning.",640
85,92494f28,"VolumeScanner(/tmp/hadoop-hdfs/dfs/data, DS-e7191155-<*>-4ecd-8e29-c022b16ccd32): finished scanning block pool BP-<*>-<*>-<*>",1
86,bfbf74b1,"DatanodeRegistration(<*>, datanodeUuid=3dbfe17f-642e-40b5-<*>-cc848bcdf25d, infoPort=<*>, infoSecurePort=<*>, ipcPort=<*>, storageInfo=lv=<*>;cid=CID-254fec23-fa57-<*>-<*>-92d5cf14cc2e;nsid=<*>;c=<*>) Starting thread to transfer BP-<*>-<*><*>:<*>_<*> to <*>",21991
87,752d03a7,"VolumeScanner(/opt/hdfs/data, DS-34c73160-<*>-47e8-<*>-c2d586e24001): no suitable block pools found to scan. Waiting <*> ms.",16
88,cf3cc411,mesos-slave-<*>:<*>:DataXceiver error processing WRITE_BLOCK operation src: <*> dst: <*>; org.apache.hadoop.hdfs.server.datanode.ReplicaAlreadyExistsException: Block BP-<*>-<*><*>:<*>_<*> already exists in state FINALIZED and thus cannot be created.,27
89,eeba9c02,"VolumeScanner(/opt/hdfs/data, DS-ae5d34ab-b7b0-43b0-9cdd-5d7ccee7b2df): Scheduling suspect block BP-<*>-<*><*>:<*>_<*> for rescanning.",20
90,da2fb016,"src: <*>, dest: <*>, bytes: <*>, op: HDFS_WRITE, cliID: <*> offset: <*>, srvID: d9ef1b17-<*>-4cd8-91eb-095413c3427f, blockid: BP-<*>-<*><*>:<*>_<*>, duration: <*>",508019
91,6a53178d,Failed to delete replica <*>_<*>: ReplicaInfo not found.,29
92,7662518b,"VolumeScanner(/opt/hdfs/data, DS-0e51b58c-f127-4def-83f9-fe88d5536e52): finished scanning block pool BP-<*>-<*>-<*>",5
93,080e4455,"VolumeScanner(/opt/hdfs/data, DS-34c73160-<*>-47e8-<*>-c2d586e24001): suspect block BP-<*>-<*><*>:<*>_<*> is already queued for rescanning.",1579
94,bc871b57,"VolumeScanner(/tmp/hadoop-hdfs/dfs/data, DS-1b281bc1-c360-4c49-813a-49d97cfaf3ff): no suitable block pools found to scan. Waiting <*> ms.",1
95,08e7ec57,mesos-slave-<*>:<*>:DataXceiver error processing <*> operation src: <*> dst: <*>,5
96,b15ea2c3,"Unsuccessfully sent block report 0x604318dfed0947, containing <*> storage report(s), of which we sent <*>. The reports had <*> total blocks and used <*> RPC(s). This took <*> msec to generate and <*> msecs for RPC and NN processing. Got back no commands.",1
97,28a5c1a3,Started HttpServer2$SelectChannelConnectorWithSafeStartup@localhost:<*>,440
98,018b43f5,"DatanodeRegistration(<*>, datanodeUuid=6f633722-<*>-4ace-8c63-94b9829a3b13, infoPort=<*>, infoSecurePort=<*>, ipcPort=<*>, storageInfo=lv=<*>;cid=CID-254fec23-fa57-<*>-<*>-92d5cf14cc2e;nsid=<*>;c=<*>) Starting thread to transfer BP-<*>-<*><*>:<*>_<*> to <*> <*>",37
99,3c055605,"DatanodeRegistration(<*>, datanodeUuid=4f8dd80e-ab80-41ad-b045-99cfeb1828d2, infoPort=<*>, infoSecurePort=<*>, ipcPort=<*>, storageInfo=lv=<*>;cid=CID-254fec23-fa57-<*>-<*>-92d5cf14cc2e;nsid=<*>;c=<*>):Exception writing BP-<*>-<*><*>:<*>_<*> to mirror <*>",1
100,707f9c7d,Registered FSDatasetState MBean,437
101,979bd337,"BlockPool BP-<*>-<*><*> Total blocks: <*>, missing metadata files:<*>, missing block files:<*>, missing blocks in memory:<*>, mismatched blocks:<*>",68470
102,68dfe22e,Received BP-<*>-<*><*>:<*>_<*> src: <*> dest: <*> of size <*>,529628
103,bcb7be44,Refresh request received for nameservices: null,440
104,4a5c7c87,"DatanodeRegistration(<*>, datanodeUuid=2cec2184-90ab-49f8-b712-7a3ac5cd83e8, infoPort=<*>, infoSecurePort=<*>, ipcPort=<*>, storageInfo=lv=<*>;cid=CID-254fec23-fa57-<*>-<*>-92d5cf14cc2e;nsid=<*>;c=<*>) Starting thread to transfer BP-<*>-<*><*>:<*>_<*> to <*> <*> <*> <*> <*> <*> <*>",16
105,edb2d97a,"DatanodeRegistration(<*>, datanodeUuid=2c1bdd15-d819-4dbe-aaa1-a0f8912a90e1, infoPort=<*>, infoSecurePort=<*>, ipcPort=<*>, storageInfo=lv=<*>;cid=CID-254fec23-fa57-<*>-<*>-92d5cf14cc2e;nsid=<*>;c=<*>):Exception writing BP-<*>-<*><*>:<*>_<*> to mirror <*>",1
106,a8927e0e,Added global filter 'safety' (class=org.apache.hadoop.http.HttpServer2$QuotingInputFilter),440
107,a135c164,"src: <*>, dest: <*>, bytes: <*>, op: HDFS_WRITE, cliID: <*> offset: <*>, srvID: 24324dad-05c2-478c-948f-459cb8677414, blockid: BP-<*>-<*><*>:<*>_<*>, duration: <*>",264456
108,4db43b87,"src: <*>, dest: <*>, bytes: <*>, op: HDFS_WRITE, cliID: <*> offset: <*>, srvID: 696bb755-<*>-415a-8abd-b730d39cd282, blockid: BP-<*>-<*><*>:<*>_<*>, duration: <*>",239982
109,cfdc5ad5,"DatanodeRegistration(<*>, datanodeUuid=4f8dd80e-ab80-41ad-b045-99cfeb1828d2, infoPort=<*>, infoSecurePort=<*>, ipcPort=<*>, storageInfo=lv=<*>;cid=CID-254fec23-fa57-<*>-<*>-92d5cf14cc2e;nsid=<*>;c=<*>) Starting thread to transfer BP-<*>-<*><*>:<*>_<*> to <*> <*> <*> <*> <*> <*> <*>",14
110,321945eb,"PacketResponder: BP-<*>-<*><*>:<*>_<*>, type=HAS_DOWNSTREAM_IN_PIPELINE terminating",4449295
111,c05e77b0,Got finalize command for block pool BP-<*>-<*>-<*>,68745
112,83507df9,Namenode Block pool BP-<*>-<*><*> (Datanode Uuid d9ef1b17-<*>-4cd8-91eb-095413c3427f) service to mesos-master-<*><*> trying to claim ACTIVE state with txid=<*>,6
113,31fbd115,Locking is disabled for /opt/hdfs/data/current/BP-<*>-<*>-<*>,6
114,2e057fe2,"VolumeScanner(/opt/hdfs/data, DS-8bc58371-b56b-4cac-ba6c-61d6a5ec2d05): Not scheduling suspect block BP-<*>-<*><*>:<*>_<*> for rescanning, because we rescanned it recently.",295
115,8335d649,"DatanodeRegistration(<*>, datanodeUuid=95a87747-ff24-41e2-<*>-0127a1675627, infoPort=<*>, infoSecurePort=<*>, ipcPort=<*>, storageInfo=lv=<*>;cid=CID-254fec23-fa57-<*>-<*>-92d5cf14cc2e;nsid=<*>;c=<*>) Starting thread to transfer BP-<*>-<*><*>:<*>_<*> to <*> <*>",37
116,8d0df6be,"VolumeScanner(/opt/hdfs/data, DS-11caa2db-d7fa-4e34-<*>-e6b4ed7de3ec): no suitable block pools found to scan. Waiting <*> ms.",40
117,58756c31,"DatanodeRegistration(<*>, datanodeUuid=8414aed5-c683-<*>-83f1-716399c64f8f, infoPort=<*>, infoSecurePort=<*>, ipcPort=<*>, storageInfo=lv=<*>;cid=CID-254fec23-fa57-<*>-<*>-92d5cf14cc2e;nsid=<*>;c=<*>):Exception writing BP-<*>-<*><*>:<*>_<*> to mirror <*>",2
118,b659ebb5,"VolumeScanner(/opt/hdfs/data, DS-9a09120d-<*>-<*>-b289-cea074604f4a): suspect block BP-<*>-<*><*>:<*>_<*> is already queued for rescanning.",2000
119,d79d59b9,Adding replicas to map for block pool BP-<*>-<*><*> on volume <*>,431
120,ea204f90,"src: <*>, dest: <*>, bytes: <*>, op: HDFS_WRITE, cliID: <*> offset: <*>, srvID: 1e17ab02-baf4-<*>-88eb-bd036faa8cd3, blockid: BP-<*>-<*><*>:<*>_<*>, duration: <*>",244685
121,0b403b2d,"DatanodeRegistration(<*>, datanodeUuid=3dbfe17f-642e-40b5-<*>-cc848bcdf25d, infoPort=<*>, infoSecurePort=<*>, ipcPort=<*>, storageInfo=lv=<*>;cid=CID-254fec23-fa57-<*>-<*>-92d5cf14cc2e;nsid=<*>;c=<*>) Starting thread to transfer BP-<*>-<*><*>:<*>_<*> to <*> <*> <*> <*> <*> <*> <*>",14
122,df675e62,"src: <*>, dest: <*>, bytes: <*>, op: HDFS_WRITE, cliID: <*> offset: <*>, srvID: cfd79aa1-45f8-4e65-ad3a-96b42cd4bad2, blockid: BP-<*>-<*><*>:<*>_<*>, duration: <*>",260818
123,221de3fd,"VolumeScanner(/tmp/hadoop-hdfs/dfs/data, DS-33a8d03c-<*>-4f77-8b1c-95bf19ba6a56): finished scanning block pool BP-<*>-<*>-<*>",1
124,75c1654c,"VolumeScanner(/opt/hdfs/data, DS-ae5d34ab-b7b0-43b0-9cdd-5d7ccee7b2df) exiting because of exception",4
125,5ae29428,"VolumeScanner(/opt/hdfs/data, DS-195b1adf-7b35-<*>-810b-79326b3c20e7): finished scanning block pool BP-<*>-<*>-<*>",5
126,1e37652d,"VolumeScanner(/opt/hdfs/data, DS-8bc58371-b56b-4cac-ba6c-61d6a5ec2d05): Scheduling suspect block BP-<*>-<*><*>:<*>_<*> for rescanning.",272
127,ac66e0d9,"DatanodeRegistration(<*>, datanodeUuid=8414aed5-c683-<*>-83f1-716399c64f8f, infoPort=<*>, infoSecurePort=<*>, ipcPort=<*>, storageInfo=lv=<*>;cid=CID-254fec23-fa57-<*>-<*>-92d5cf14cc2e;nsid=<*>;c=<*>) Starting thread to transfer BP-<*>-<*><*>:<*>_<*> to <*> <*> <*> <*> <*> <*> <*>",11
128,fc6a5ef7,"VolumeScanner(/opt/hdfs/data, DS-195b1adf-7b35-<*>-810b-79326b3c20e7) exiting because of exception",2
129,cd7f5200,"VolumeScanner(/tmp/hadoop-hdfs/dfs/data, DS-7d357a5f-01e9-4fb1-8d89-47b0c77e215e): no suitable block pools found to scan. Waiting <*> ms.",1
130,daf3198f,"DatanodeRegistration(<*>, datanodeUuid=bc724d4c-<*>-4cf7-85a2-552527e2d444, infoPort=<*>, infoSecurePort=<*>, ipcPort=<*>, storageInfo=lv=<*>;cid=CID-254fec23-fa57-<*>-<*>-92d5cf14cc2e;nsid=<*>;c=<*>) Starting thread to transfer BP-<*>-<*><*>:<*>_<*> to <*> <*>",36
131,7b52448c,"DatanodeRegistration(<*>, datanodeUuid=c3a1996d-957e-<*>-91a7-6dd48549cb57, infoPort=<*>, infoSecurePort=<*>, ipcPort=<*>, storageInfo=lv=<*>;cid=CID-254fec23-fa57-<*>-<*>-92d5cf14cc2e;nsid=<*>;c=<*>) Starting thread to transfer BP-<*>-<*><*>:<*>_<*> to <*> <*> <*> <*> <*> <*> <*>",8
132,868def29,"VolumeScanner(/opt/hdfs/data, DS-44fcd72c-68b5-4c2d-a193-0777cacd76d3): finished scanning block pool BP-<*>-<*>-<*>",6
133,1bbe8530,"DatanodeRegistration(<*>, datanodeUuid=95a87747-ff24-41e2-<*>-0127a1675627, infoPort=<*>, infoSecurePort=<*>, ipcPort=<*>, storageInfo=lv=<*>;cid=CID-254fec23-fa57-<*>-<*>-92d5cf14cc2e;nsid=<*>;c=<*>) Starting thread to transfer BP-<*>-<*><*>:<*>_<*> to <*> <*> <*> <*> <*> <*> <*>",9
134,912eaab0,"Retrying connect to server: mesos-master-<*><*>. Already tried <*> time(s); retry policy is RetryUpToMaximumCountWithFixedSleep(maxRetries=<*>, sleepTime=<*> MILLISECONDS)",4461164
135,26522327,"VolumeScanner(/opt/hdfs/data, DS-5bc4e474-3d2b-4ca4-bea0-956ccd80a9a6) exiting.",5
136,bf11a7eb,"VolumeScanner(/opt/hdfs/data, DS-e4e85a3b-<*>-<*>-a632-b5b04f359dc3) exiting.",5
137,a03fc692,"VolumeScanner(/opt/hdfs/data, DS-f1331212-<*>-4fd2-8c8d-bdeeec4566cc) exiting.",5
138,bc800f0e,jetty-<*>.<*>.<*>,440
139,46efed7c,"VolumeScanner(/opt/hdfs/data, DS-1480948f-1ba8-4e7b-84dd-54af75927c66) exiting.",2
140,9ecd2816,"VolumeScanner(/opt/hdfs/data, DS-7a6c123d-b84a-4edc-abf8-95308e85b571): no suitable block pools found to scan. Waiting <*> ms.",45
141,6a686211,"VolumeScanner(/opt/hdfs/data, DS-95002c56-707d-<*>-<*>-0183a98f8a44): Scheduling suspect block BP-<*>-<*><*>:<*>_<*> for rescanning.",252
142,65223769,Storage directory <*> is not formatted for BP-<*>-<*>-<*>,50
143,5afb20a6,"VolumeScanner(/opt/hdfs/data, DS-195b1adf-7b35-<*>-810b-79326b3c20e7): suspect block BP-<*>-<*><*>:<*>_<*> is already queued for rescanning.",641
144,a82da062,"VolumeScanner(/tmp/hadoop-hdfs/dfs/data, DS-e9a932c0-edbf-493a-a5ff-8529c9c7d40e): no suitable block pools found to scan. Waiting <*> ms.",1
145,4f02b635,"VolumeScanner(/opt/hdfs/data, DS-94864aae-c689-4aac-86cb-754ab8ffdd23): Not scheduling suspect block BP-<*>-<*><*>:<*>_<*> for rescanning, because we rescanned it recently.",548
146,92d88b86,"DatanodeRegistration(<*>, datanodeUuid=6f633722-<*>-4ace-8c63-94b9829a3b13, infoPort=<*>, infoSecurePort=<*>, ipcPort=<*>, storageInfo=lv=<*>;cid=CID-254fec23-fa57-<*>-<*>-92d5cf14cc2e;nsid=<*>;c=<*>) Starting thread to transfer BP-<*>-<*><*>:<*>_<*> to <*>",22287
147,df7cb07a,"DatanodeRegistration(<*>, datanodeUuid=d3664f15-838b-<*>-acec-e768d4d38aa9, infoPort=<*>, infoSecurePort=<*>, ipcPort=<*>, storageInfo=lv=<*>;cid=CID-254fec23-fa57-<*>-<*>-92d5cf14cc2e;nsid=<*>;c=<*>) Starting thread to transfer BP-<*>-<*><*>:<*>_<*> to <*> <*> <*> <*> <*> <*> <*>",10
148,c62e0588,"src: <*>, dest: <*>, bytes: <*>, op: HDFS_WRITE, cliID: <*> offset: <*>, srvID: c5c0b742-2b9e-43f2-ba3a-91fd3f3972c4, blockid: BP-<*>-<*><*>:<*>_<*>, duration: <*>",240540
149,d0eace18,"VolumeScanner(/tmp/hadoop-hdfs/dfs/data, DS-da1bf398-d316-4e89-b510-1350dc29bcd3): finished scanning block pool BP-<*>-<*>-<*>",1
150,d1549704,"DatanodeRegistration(<*>, datanodeUuid=<*>-ccb8-49f2-<*>-437980cd5139, infoPort=<*>, infoSecurePort=<*>, ipcPort=<*>, storageInfo=lv=<*>;cid=CID-254fec23-fa57-<*>-<*>-92d5cf14cc2e;nsid=<*>;c=<*>) Starting thread to transfer BP-<*>-<*><*>:<*>_<*> to <*>",23615
151,0afc94fd,"VolumeScanner(/opt/hdfs/data, DS-a0410d01-b2ce-49c7-ad6c-7373f9b7606b) exiting.",5
152,57498dac,"VolumeScanner(/opt/hdfs/data, DS-8eaa8b25-0f80-<*>-acea-85157ebb9efc): suspect block BP-<*>-<*><*>:<*>_<*> is already queued for rescanning.",914
153,f9a92d32,supergroup = <*>,434
154,bd3abf11,"VolumeScanner(/opt/hdfs/data, DS-38d42681-e839-47b4-b2e3-495cfc28cbab) exiting because of exception",6
155,ac3834eb,"VolumeScanner(/opt/hdfs/data, DS-38d42681-e839-47b4-b2e3-495cfc28cbab) exiting.",6
156,0b422129,"VolumeScanner(/opt/hdfs/data, DS-e9c6f5f2-d802-4e59-a09d-091ce3c604fc) exiting because of exception",5
157,8aa6035b,Lock on /opt/hdfs/data/in_use.lock acquired by nodename <*>@mesos-master-<*>,6
158,c62aae84,"VolumeScanner(/opt/hdfs/data, DS-a0410d01-b2ce-49c7-ad6c-7373f9b7606b): suspect block BP-<*>-<*><*>:<*>_<*> is already queued for rescanning.",1116
159,fbe9fd8e,"VolumeScanner(/opt/hdfs/data, DS-f790b728-1e6a-46a8-8ce4-f8d0038a603b): finished scanning block pool BP-<*>-<*>-<*>",14
160,606b3d66,mesos-slave-<*>:<*>:DataXceiver error processing WRITE_BLOCK operation src: <*> dst: <*>,2
161,fcf58d1d,"VolumeScanner(/opt/hdfs/data, DS-6c637255-<*>-43f6-<*>-bec8b1cc7d42): no suitable block pools found to scan. Waiting <*> ms.",17
162,3f4287fb,"VolumeScanner(/opt/hdfs/data, DS-8bc58371-b56b-4cac-ba6c-61d6a5ec2d05): suspect block BP-<*>-<*><*>:<*>_<*> is already queued for rescanning.",1005
163,78693000000,"DatanodeRegistration(<*>, datanodeUuid=591c16fa-ef87-<*>-b3ba-13eb8191028f, infoPort=<*>, infoSecurePort=<*>, ipcPort=<*>, storageInfo=lv=<*>;cid=CID-254fec23-fa57-<*>-<*>-92d5cf14cc2e;nsid=<*>;c=<*>) Starting thread to transfer BP-<*>-<*><*>:<*>_<*> to <*> <*> <*> <*> <*> <*> <*>",6
164,37e8198d,"DatanodeRegistration(<*>, datanodeUuid=d3664f15-838b-<*>-acec-e768d4d38aa9, infoPort=<*>, infoSecurePort=<*>, ipcPort=<*>, storageInfo=lv=<*>;cid=CID-254fec23-fa57-<*>-<*>-92d5cf14cc2e;nsid=<*>;c=<*>) Starting thread to transfer BP-<*>-<*><*>:<*>_<*> to <*>",8046
165,608ba4b4,"VolumeScanner(/opt/hdfs/data, DS-195b1adf-7b35-<*>-810b-79326b3c20e7) exiting.",2
166,1030b16a,"VolumeScanner(/opt/hdfs/data, DS-95002c56-707d-<*>-<*>-0183a98f8a44): finished scanning block pool BP-<*>-<*>-<*>",7
167,e6c4148a,"VolumeScanner(/opt/hdfs/data, DS-a1a5a67d-<*>-40ce-<*>-0d31e28f3de9): Not scheduling suspect block BP-<*>-<*><*>:<*>_<*> for rescanning, because we rescanned it recently.",226
168,f22ea629,"VolumeScanner(/opt/hdfs/data, DS-bcc11f7f-7a07-4b2b-9bce-45ff247878dc): Scheduling suspect block BP-<*>-<*><*>:<*>_<*> for rescanning.",249
169,59f5ce6a,"VolumeScanner(/tmp/hadoop-hdfs/dfs/data, DS-0cf2ec6d-5f5e-<*>-963d-768345a318b1): no suitable block pools found to scan. Waiting <*> ms.",1
170,2bc36253,"VolumeScanner(/opt/hdfs/data, DS-f1331212-<*>-4fd2-8c8d-bdeeec4566cc): Scheduling suspect block BP-<*>-<*><*>:<*>_<*> for rescanning.",283
171,48ddfb37,opReadBlock BP-<*>-<*><*>:<*>_<*> received exception org.apache.hadoop.hdfs.server.datanode.ReplicaNotFoundException: Replica not found for BP-<*>-<*><*>:<*>_<*>,2
172,31757433,"VolumeScanner(/tmp/hadoop-hdfs/dfs/data, DS-02718dd2-5e43-4c67-99d1-bc698807426c): no suitable block pools found to scan. Waiting <*> ms.",1
173,b5296191,"DatanodeRegistration(<*>, datanodeUuid=cf186bb5-4e79-4aaf-abd3-6d420db25497, infoPort=<*>, infoSecurePort=<*>, ipcPort=<*>, storageInfo=lv=<*>;cid=CID-254fec23-fa57-<*>-<*>-92d5cf14cc2e;nsid=<*>;c=<*>):Failed to transfer BP-<*>-<*><*>:<*>_<*> to <*> got",12
174,a46e69b2,"DatanodeRegistration(<*>, datanodeUuid=c5c0b742-2b9e-43f2-ba3a-91fd3f3972c4, infoPort=<*>, infoSecurePort=<*>, ipcPort=<*>, storageInfo=lv=<*>;cid=CID-254fec23-fa57-<*>-<*>-92d5cf14cc2e;nsid=<*>;c=<*>) Starting thread to transfer BP-<*>-<*><*>:<*>_<*> to <*> <*>",42
175,0028854d,"VolumeScanner(/tmp/hadoop-hdfs/dfs/data, DS-b02a541c-<*>-<*>-bc1d-8ad53504660f): finished scanning block pool BP-<*>-<*>-<*>",1
176,0419137a,"VolumeScanner(/tmp/hadoop-hdfs/dfs/data, DS-0cf2ec6d-5f5e-<*>-963d-768345a318b1): finished scanning block pool BP-<*>-<*>-<*>",1
177,f072fd4f,"DatanodeRegistration(<*>, datanodeUuid=7fe0f580-2b25-40c8-b236-c5df5dd08ca7, infoPort=<*>, infoSecurePort=<*>, ipcPort=<*>, storageInfo=lv=<*>;cid=CID-254fec23-fa57-<*>-<*>-92d5cf14cc2e;nsid=<*>;c=<*>) Starting thread to transfer BP-<*>-<*><*>:<*>_<*> to <*>",22616
178,e9804540,"DatanodeRegistration(<*>, datanodeUuid=7fe0f580-2b25-40c8-b236-c5df5dd08ca7, infoPort=<*>, infoSecurePort=<*>, ipcPort=<*>, storageInfo=lv=<*>;cid=CID-254fec23-fa57-<*>-<*>-92d5cf14cc2e;nsid=<*>;c=<*>):Failed to transfer BP-<*>-<*><*>:<*>_<*> to <*> got",7
179,5aaa3cec,Block pool <*> (Datanode Uuid <*> service to mesos-master-<*><*> <*> <*> <*> <*>,935
180,645f15f7,"VolumeScanner(/tmp/hadoop-hdfs/dfs/data, DS-9e42e490-1f2a-4aeb-923b-5fdb17af061f): no suitable block pools found to scan. Waiting <*> ms.",1
181,e2d5e05d,"VolumeScanner(/tmp/hadoop-hdfs/dfs/data, DS-ea7aa39b-5f38-<*>-b3d4-9caf06f55ea8): finished scanning block pool BP-<*>-<*>-<*>",1
182,bc9d5fb2,"VolumeScanner(/opt/hdfs/data, DS-19583ec0-99ea-4dcc-b1c1-601e561bc714): Scheduling suspect block BP-<*>-<*><*>:<*>_<*> for rescanning.",257
183,a15f93fc,"VolumeScanner(/opt/hdfs/data, DS-8bc58371-b56b-4cac-ba6c-61d6a5ec2d05): no suitable block pools found to scan. Waiting <*> ms.",17
184,2017053c,"VolumeScanner(/tmp/hadoop-hdfs/dfs/data, DS-1b281bc1-c360-4c49-813a-49d97cfaf3ff): finished scanning block pool BP-<*>-<*>-<*>",1
185,d29d5650,"DatanodeRegistration(<*>, datanodeUuid=8414aed5-c683-<*>-83f1-716399c64f8f, infoPort=<*>, infoSecurePort=<*>, ipcPort=<*>, storageInfo=lv=<*>;cid=CID-254fec23-fa57-<*>-<*>-92d5cf14cc2e;nsid=<*>;c=<*>) Starting thread to transfer BP-<*>-<*><*>:<*>_<*> to <*> <*>",37
186,53df285c,Datanode <*> got response for connect ack from downstream datanode with firstbadlink as <*>,1
187,df560bef,"PacketResponder: BP-<*>-<*><*>:<*>_<*>, type=LAST_IN_PIPELINE, downstreams=<*>:[] terminating",2205879
188,ff8ad496,"VolumeScanner(/opt/hdfs/data, DS-11caa2db-d7fa-4e34-<*>-e6b4ed7de3ec): finished scanning block pool BP-<*>-<*>-<*>",6
189,ae24104c,Http request log for http.requests.datanode is not defined,440
190,287aa037,"src: <*>, dest: <*>, bytes: <*>, op: HDFS_WRITE, cliID: <*> offset: <*>, srvID: 95a87747-ff24-41e2-<*>-0127a1675627, blockid: BP-<*>-<*><*>:<*>_<*>, duration: <*>",258869
191,b09deff7,Receiving BP-<*>-<*><*>:<*>_<*> src: <*> dest: <*>,7184836
192,e10cf5e4,"VolumeScanner(/opt/hdfs/data, DS-dbb4b57b-<*>-<*>-b455-c40d0a4fbe6b): Scheduling suspect block BP-<*>-<*><*>:<*>_<*> for rescanning.",247
193,3fb374b5,"VolumeScanner(/opt/hdfs/data, DS-ae5d34ab-b7b0-43b0-9cdd-5d7ccee7b2df): suspect block BP-<*>-<*><*>:<*>_<*> is already queued for rescanning.",25
194,b655390b,"VolumeScanner(/opt/hdfs/data, DS-19583ec0-99ea-4dcc-b1c1-601e561bc714): no suitable block pools found to scan. Waiting <*> ms.",17
195,9ed23455,Namenode Block pool BP-<*>-<*><*> (Datanode Uuid <*> service to mesos-master-<*><*> trying to claim ACTIVE state with txid=<*>,431
196,0070f403,"Unsuccessfully sent block report <*> containing <*> storage report(s), of which we sent <*>. The reports had <*> total blocks and used <*> RPC(s). This took <*> msec to generate and <*> msecs for RPC and NN processing. Got back no commands.",78
197,a3691cec,Now scanning bpid BP-<*>-<*><*> on volume /tmp/hadoop-hdfs/dfs/data,2
198,f4970a49,"VolumeScanner(/tmp/hadoop-hdfs/dfs/data, DS-657c1a1a-d8ce-40ec-8f1e-07d315b57d4f): no suitable block pools found to scan. Waiting <*> ms.",1
199,32b05f67,"VolumeScanner(/opt/hdfs/data, DS-f790b728-1e6a-46a8-8ce4-f8d0038a603b): Scheduling suspect block BP-<*>-<*><*>:<*>_<*> for rescanning.",1774
200,2a05a0cf,Added filter static_user_filter (class=org.apache.hadoop.http.lib.StaticUserWebFilter$StaticUserFilter) to context <*>,1320
201,70066a26,Starting Socket Reader #<*> for port <*>,440
202,ea309ecf,"VolumeScanner(/tmp/hadoop-hdfs/dfs/data, DS-b02a541c-<*>-<*>-bc1d-8ad53504660f): no suitable block pools found to scan. Waiting <*> ms.",2
203,5968d65d,"VolumeScanner(/opt/hdfs/data, DS-f3fe2187-b185-<*>-8fc2-53b08de7058c) exiting because of exception",5
204,916e22f8,"VolumeScanner(/opt/hdfs/data, DS-195b1adf-7b35-<*>-810b-79326b3c20e7): no suitable block pools found to scan. Waiting <*> ms.",13
205,1e42c416,"VolumeScanner(/opt/hdfs/data, DS-8de4ae37-fac2-404a-a8e3-dcecd440f907): suspect block BP-<*>-<*><*>:<*>_<*> is already queued for rescanning.",861
206,c6c3bba8,"VolumeScanner(/opt/hdfs/data, DS-38d42681-e839-47b4-b2e3-495cfc28cbab): Not scheduling suspect block BP-<*>-<*><*>:<*>_<*> for rescanning, because we rescanned it recently.",360
207,fd14c7db,"DatanodeRegistration(<*>, datanodeUuid=2cec2184-90ab-49f8-b712-7a3ac5cd83e8, infoPort=<*>, infoSecurePort=<*>, ipcPort=<*>, storageInfo=lv=<*>;cid=CID-254fec23-fa57-<*>-<*>-92d5cf14cc2e;nsid=<*>;c=<*>) Starting thread to transfer BP-<*>-<*><*>:<*>_<*> to <*>",17592
208,b1d98bad,"DataNode{data=FSDataset{dirpath='[/opt/hdfs/data/current]'}, localName='mesos-slave-<*>:<*>', datanodeUuid='7fe0f580-2b25-40c8-b236-c5df5dd08ca7', xmitsInProgress=<*>}:Exception transfering block BP-<*>-<*><*>:<*>_<*> to mirror <*> java.net.SocketTimeoutException: <*> millis timeout while waiting for channel to be ready for read. ch : java.nio.channels.SocketChannel[connected local=<*> remote=<*>]",1
209,12577391,"DatanodeRegistration(<*>, datanodeUuid=0cbb6590-6a63-4e8d-b6fc-68bf01abba58, infoPort=<*>, infoSecurePort=<*>, ipcPort=<*>, storageInfo=lv=<*>;cid=CID-254fec23-fa57-<*>-<*>-92d5cf14cc2e;nsid=<*>;c=<*>):Failed to transfer BP-<*>-<*><*>:<*>_<*> to <*> got",6
210,95435d7b,"DatanodeRegistration(<*>, datanodeUuid=3dbfe17f-642e-40b5-<*>-cc848bcdf25d, infoPort=<*>, infoSecurePort=<*>, ipcPort=<*>, storageInfo=lv=<*>;cid=CID-254fec23-fa57-<*>-<*>-92d5cf14cc2e;nsid=<*>;c=<*>):Failed to transfer BP-<*>-<*><*>:<*>_<*> to <*> got",10
211,3a12fa6a,Could not get disk usage information,2
212,2f67db2a,"VolumeScanner(/opt/hdfs/data, DS-34c73160-<*>-47e8-<*>-c2d586e24001) exiting because of exception",6
213,2e303e5e,Time to add replicas to map for block pool BP-<*>-<*><*> on volume /opt/hdfs/data/current: <*>,6
214,d2037aaf,"DatanodeRegistration(<*>, datanodeUuid=d3664f15-838b-<*>-acec-e768d4d38aa9, infoPort=<*>, infoSecurePort=<*>, ipcPort=<*>, storageInfo=lv=<*>;cid=CID-254fec23-fa57-<*>-<*>-92d5cf14cc2e;nsid=<*>;c=<*>) Starting thread to transfer BP-<*>-<*><*>:<*>_<*> to <*> <*>",35
215,b1e69a48,"VolumeScanner(/opt/hdfs/data, DS-f1331212-<*>-4fd2-8c8d-bdeeec4566cc): no suitable block pools found to scan. Waiting <*> ms.",19
216,869f0243,"VolumeScanner(/opt/hdfs/data, DS-f790b728-1e6a-46a8-8ce4-f8d0038a603b) exiting because of exception",2
217,251461cc,"VolumeScanner(/opt/hdfs/data, DS-8eaa8b25-0f80-<*>-acea-85157ebb9efc) exiting.",6
218,58cad92a,Block pool Block pool BP-<*>-<*><*> (Datanode Uuid null) service to mesos-master-<*><*> successfully registered with NN,6
219,0da0ed90,"DatanodeRegistration(<*>, datanodeUuid=696bb755-<*>-415a-8abd-b730d39cd282, infoPort=<*>, infoSecurePort=<*>, ipcPort=<*>, storageInfo=lv=<*>;cid=CID-254fec23-fa57-<*>-<*>-92d5cf14cc2e;nsid=<*>;c=<*>):Failed to transfer BP-<*>-<*><*>:<*>_<*> to <*> got",10
220,79d47cca,"VolumeScanner(/opt/hdfs/data, DS-95002c56-707d-<*>-<*>-0183a98f8a44) exiting.",5
221,54ede352,"src: <*>, dest: <*>, bytes: <*>, op: HDFS_WRITE, cliID: <*> offset: <*>, srvID: ca4dcde5-<*>-4c3e-<*>-a622e243c369, blockid: BP-<*>-<*><*>:<*>_<*>, duration: <*>",204482
222,1bfcefd6,Adding replicas to map for block pool BP-<*>-<*><*> on volume /opt/hdfs/data/current...,6
223,472f6ee5,"DatanodeRegistration(<*>, datanodeUuid=1e17ab02-baf4-<*>-88eb-bd036faa8cd3, infoPort=<*>, infoSecurePort=<*>, ipcPort=<*>, storageInfo=lv=<*>;cid=CID-254fec23-fa57-<*>-<*>-92d5cf14cc2e;nsid=<*>;c=<*>) Starting thread to transfer BP-<*>-<*><*>:<*>_<*> to <*> <*> <*> <*> <*> <*> <*>",14
224,71b1227b,opWriteBlock BP-<*>-<*><*>:<*>_<*> received exception ExitCodeException exitCode=<*>: du: cannot access â€˜/opt/hdfs/data/current/BP-<*>-<*><*>/current/rbw/<*>â€™: No such file or directory,1
225,578bb6f5,Took 3166ms to process <*> commands from NN,1
226,696bd32c,"VolumeScanner(/opt/hdfs/data, DS-7a6c123d-b84a-4edc-abf8-95308e85b571): suspect block BP-<*>-<*><*>:<*>_<*> is already queued for rescanning.",836
227,0297f3c2,"DatanodeRegistration(<*>, datanodeUuid=3dbfe17f-642e-40b5-<*>-cc848bcdf25d, infoPort=<*>, infoSecurePort=<*>, ipcPort=<*>, storageInfo=lv=<*>;cid=CID-254fec23-fa57-<*>-<*>-92d5cf14cc2e;nsid=<*>;c=<*>) Starting thread to transfer BP-<*>-<*><*>:<*>_<*> to <*> <*>",30
228,38fab6d5,"Slow flushOrSync took 733ms (threshold=300ms), isSync:false, flushTotalNanos=732814790ns",1
229,33780809,"VolumeScanner(/opt/hdfs/data, DS-44fcd72c-68b5-4c2d-a193-0777cacd76d3): no suitable block pools found to scan. Waiting <*> ms.",17
230,771608af,"DatanodeRegistration(<*>, datanodeUuid=0cbb6590-6a63-4e8d-b6fc-68bf01abba58, infoPort=<*>, infoSecurePort=<*>, ipcPort=<*>, storageInfo=lv=<*>;cid=CID-254fec23-fa57-<*>-<*>-92d5cf14cc2e;nsid=<*>;c=<*>) Starting thread to transfer BP-<*>-<*><*>:<*>_<*> to <*>",24484
231,62c60e42,"DatanodeRegistration(<*>, datanodeUuid=6bb9fad8-<*>-45cb-839b-b929e90f4a6c, infoPort=<*>, infoSecurePort=<*>, ipcPort=<*>, storageInfo=lv=<*>;cid=CID-254fec23-fa57-<*>-<*>-92d5cf14cc2e;nsid=<*>;c=<*>):Failed to transfer BP-<*>-<*><*>:<*>_<*> to <*> got",2
232,ddd449b6,"DatanodeRegistration(<*>, datanodeUuid=95a87747-ff24-41e2-<*>-0127a1675627, infoPort=<*>, infoSecurePort=<*>, ipcPort=<*>, storageInfo=lv=<*>;cid=CID-254fec23-fa57-<*>-<*>-92d5cf14cc2e;nsid=<*>;c=<*>) Starting thread to transfer BP-<*>-<*><*>:<*>_<*> to <*>",25560
233,339fdb62,"DatanodeRegistration(<*>, datanodeUuid=696bb755-<*>-415a-8abd-b730d39cd282, infoPort=<*>, infoSecurePort=<*>, ipcPort=<*>, storageInfo=lv=<*>;cid=CID-254fec23-fa57-<*>-<*>-92d5cf14cc2e;nsid=<*>;c=<*>) Starting thread to transfer BP-<*>-<*><*>:<*>_<*> to <*> <*>",35
234,2cb3b0e0,"DatanodeRegistration(<*>, datanodeUuid=6bb9fad8-<*>-45cb-839b-b929e90f4a6c, infoPort=<*>, infoSecurePort=<*>, ipcPort=<*>, storageInfo=lv=<*>;cid=CID-254fec23-fa57-<*>-<*>-92d5cf14cc2e;nsid=<*>;c=<*>) Starting thread to transfer BP-<*>-<*><*>:<*>_<*> to <*> <*> <*> <*> <*> <*> <*>",15
235,6e602aa3,"VolumeScanner(/opt/hdfs/data, DS-ae5d34ab-b7b0-43b0-9cdd-5d7ccee7b2df): no suitable block pools found to scan. Waiting <*> ms.",25
236,86dee43b,"DatanodeRegistration(<*>, datanodeUuid=2c1bdd15-d819-4dbe-aaa1-a0f8912a90e1, infoPort=<*>, infoSecurePort=<*>, ipcPort=<*>, storageInfo=lv=<*>;cid=CID-254fec23-fa57-<*>-<*>-92d5cf14cc2e;nsid=<*>;c=<*>):Failed to transfer BP-<*>-<*><*>:<*>_<*> to <*> got",6
237,c87262a2,IOException in <*>,88
238,f3f61fa0,"VolumeScanner(/opt/hdfs/data, DS-dbb4b57b-<*>-<*>-b455-c40d0a4fbe6b): Not scheduling suspect block BP-<*>-<*><*>:<*>_<*> for rescanning, because we rescanned it recently.",477
239,c8024795,Exiting with status <*>,2
240,d51347ad,"VolumeScanner(/opt/hdfs/data, DS-8de4ae37-fac2-404a-a8e3-dcecd440f907): no suitable block pools found to scan. Waiting <*> ms.",24
241,c694450c,"VolumeScanner(/tmp/hadoop-hdfs/dfs/data, DS-7a7a7795-8de6-4d40-9b58-3ab5405a788d): finished scanning block pool BP-<*>-<*>-<*>",1
242,8ba2c7bc,"DatanodeRegistration(<*>, datanodeUuid=6b07e51c-34ad-4e4c-<*>-86ae10eaf5b8, infoPort=<*>, infoSecurePort=<*>, ipcPort=<*>, storageInfo=lv=<*>;cid=CID-254fec23-fa57-<*>-<*>-92d5cf14cc2e;nsid=<*>;c=<*>) Starting thread to transfer BP-<*>-<*><*>:<*>_<*> to <*> <*>",40
243,4f0f9098,"VolumeScanner(/opt/hdfs/data, DS-6c637255-<*>-43f6-<*>-bec8b1cc7d42): suspect block BP-<*>-<*><*>:<*>_<*> is already queued for rescanning.",760
244,25fe5db3,Took <*> to process <*> commands from NN,161
245,19882f37,"VolumeScanner(/opt/hdfs/data, DS-34c73160-<*>-47e8-<*>-c2d586e24001): Scheduling suspect block BP-<*>-<*><*>:<*>_<*> for rescanning.",251
246,c80ab94c,"src: <*>, dest: <*>, bytes: <*>, op: HDFS_WRITE, cliID: <*> offset: <*>, srvID: 6bb9fad8-<*>-45cb-839b-b929e90f4a6c, blockid: BP-<*>-<*><*>:<*>_<*>, duration: <*>",255721
247,9e90c21b,"DatanodeRegistration(<*>, datanodeUuid=8414aed5-c683-<*>-83f1-716399c64f8f, infoPort=<*>, infoSecurePort=<*>, ipcPort=<*>, storageInfo=lv=<*>;cid=CID-254fec23-fa57-<*>-<*>-92d5cf14cc2e;nsid=<*>;c=<*>):Failed to transfer BP-<*>-<*><*>:<*>_<*> to <*> got",3
248,024b48a2,"VolumeScanner(/tmp/hadoop-hdfs/dfs/data, DS-fb5df949-457f-4a87-824e-0525f023836f): no suitable block pools found to scan. Waiting <*> ms.",2
249,38af330a,"VolumeScanner(/tmp/hadoop-hdfs/dfs/data, DS-e8037f8c-fba0-4f6c-8d44-fe8de386983d): no suitable block pools found to scan. Waiting <*> ms.",1
250,d88ba813,"VolumeScanner(/tmp/hadoop-hdfs/dfs/data, DS-4fc8c98d-c267-<*>-<*>-daaf9d9527d5): no suitable block pools found to scan. Waiting <*> ms.",1
251,c4082872,Lock on <*> acquired by nodename <*>@mesos-master-<*>,32
252,c8dc2f3d,"VolumeScanner(/opt/hdfs/data, DS-1480948f-1ba8-4e7b-84dd-54af75927c66): finished scanning block pool BP-<*>-<*>-<*>",5
253,2368a53b,Analyzing storage directories for bpid BP-<*>-<*>-<*>,437
254,25004ab3,"VolumeScanner(/opt/hdfs/data, DS-8eaa8b25-0f80-<*>-acea-85157ebb9efc): no suitable block pools found to scan. Waiting <*> ms.",17
255,a2654290,"VolumeScanner(/opt/hdfs/data, DS-34c73160-<*>-47e8-<*>-c2d586e24001): finished scanning block pool BP-<*>-<*>-<*>",6
256,5e59f786,"VolumeScanner(/opt/hdfs/data, DS-f3fe2187-b185-<*>-8fc2-53b08de7058c): Scheduling suspect block BP-<*>-<*><*>:<*>_<*> for rescanning.",1710
257,a30148b5,"DatanodeRegistration(<*>, datanodeUuid=cfd79aa1-45f8-4e65-ad3a-96b42cd4bad2, infoPort=<*>, infoSecurePort=<*>, ipcPort=<*>, storageInfo=lv=<*>;cid=CID-254fec23-fa57-<*>-<*>-92d5cf14cc2e;nsid=<*>;c=<*>) Starting thread to transfer BP-<*>-<*><*>:<*>_<*> to <*>",22866
258,d94ee30a,"VolumeScanner(/tmp/hadoop-hdfs/dfs/data, DS-da883f59-109e-482f-8d81-7b7c0e7b748b): finished scanning block pool BP-<*>-<*>-<*>",1
259,25691053,"Unsuccessfully sent block report 0x60aa17c151c129, containing <*> storage report(s), of which we sent <*>. The reports had <*> total blocks and used <*> RPC(s). This took <*> msec to generate and <*> msecs for RPC and NN processing. Got back no commands.",1
260,20766cf2,"src: <*>, dest: <*>, bytes: <*>, op: HDFS_WRITE, cliID: <*> offset: <*>, srvID: 4f8dd80e-ab80-41ad-b045-99cfeb1828d2, blockid: BP-<*>-<*><*>:<*>_<*>, duration: <*>",228638
261,2a16505f,"VolumeScanner(/tmp/hadoop-hdfs/dfs/data, DS-7922da36-b08a-<*>-b03e-1a669a082235): no suitable block pools found to scan. Waiting <*> ms.",1
262,d7a52aed,"VolumeScanner(/opt/hdfs/data, DS-a1a5a67d-<*>-40ce-<*>-0d31e28f3de9): suspect block BP-<*>-<*><*>:<*>_<*> is already queued for rescanning.",795
263,993c2837,mesos-master-<*>:<*>:DataXceiver error processing <*> operation src: <*> dst: <*>,11
264,625e529b,"VolumeScanner(/opt/hdfs/data, DS-f1331212-<*>-4fd2-8c8d-bdeeec4566cc): Not scheduling suspect block BP-<*>-<*><*>:<*>_<*> for rescanning, because we rescanned it recently.",656
265,c9b3b5cf,DataTransfer: Transmitted BP-<*>-<*><*>:<*>_<*> (numBytes=<*>) to <*>,528451
266,4f3e75de,"VolumeScanner(/opt/hdfs/data, DS-8eaa8b25-0f80-<*>-acea-85157ebb9efc): Not scheduling suspect block BP-<*>-<*><*>:<*>_<*> for rescanning, because we rescanned it recently.",181
267,7bb598ba,"VolumeScanner(/opt/hdfs/data, DS-44fcd72c-68b5-4c2d-a193-0777cacd76d3) exiting because of exception",6
268,71941bf2,Generated and persisted new Datanode UUID 1a453054-c1df-46ec-<*>-e1fb6ced9cb<*>,1
269,2c61a9f7,"VolumeScanner(/opt/hdfs/data, DS-a0410d01-b2ce-49c7-ad6c-7373f9b7606b): finished scanning block pool BP-<*>-<*>-<*>",7
270,39319da7,"src: <*>, dest: <*>, bytes: <*>, op: HDFS_WRITE, cliID: <*> offset: <*>, srvID: ac6cb715-a2bc-<*>-aaa4-10fcbd1c390e, blockid: BP-<*>-<*><*>:<*>_<*>, duration: <*>",34734
271,6660b6ef,Slow BlockReceiver write packet to mirror took <*> (threshold=300ms),1747
272,583edf0b,"VolumeScanner(/opt/hdfs/data, DS-bcc11f7f-7a07-4b2b-9bce-45ff247878dc): suspect block BP-<*>-<*><*>:<*>_<*> is already queued for rescanning.",1753
273,f81dc538,"VolumeScanner(/opt/hdfs/data, DS-bcc11f7f-7a07-4b2b-9bce-45ff247878dc) exiting because of exception",5
274,b673ace1,"VolumeScanner(/opt/hdfs/data, DS-8eaa8b25-0f80-<*>-acea-85157ebb9efc): finished scanning block pool BP-<*>-<*>-<*>",6
275,0d22c5d5,"DatanodeRegistration(<*>, datanodeUuid=cfd79aa1-45f8-4e65-ad3a-96b42cd4bad2, infoPort=<*>, infoSecurePort=<*>, ipcPort=<*>, storageInfo=lv=<*>;cid=CID-254fec23-fa57-<*>-<*>-92d5cf14cc2e;nsid=<*>;c=<*>) Starting thread to transfer BP-<*>-<*><*>:<*>_<*> to <*> <*>",44
276,ff44e5f8,"DatanodeRegistration(<*>, datanodeUuid=6f633722-<*>-4ace-8c63-94b9829a3b13, infoPort=<*>, infoSecurePort=<*>, ipcPort=<*>, storageInfo=lv=<*>;cid=CID-254fec23-fa57-<*>-<*>-92d5cf14cc2e;nsid=<*>;c=<*>) Starting thread to transfer BP-<*>-<*><*>:<*>_<*> to <*> <*> <*> <*> <*> <*> <*>",10
277,efda918c,"VolumeScanner(/opt/hdfs/data, DS-dbb4b57b-<*>-<*>-b455-c40d0a4fbe6b): no suitable block pools found to scan. Waiting <*> ms.",18
278,d5bc1829,DatanodeCommand action : DNA_REGISTER from mesos-master-<*><*> with active state,58
279,6b6b13a3,"VolumeScanner(/opt/hdfs/data, DS-76445d18-d454-4ea4-ba1d-34302a85a21d): no suitable block pools found to scan. Waiting <*> ms.",19
280,571e7646,Took 3317ms to process <*> commands from NN,1
281,a79a1702,Logging to org.slf4j.impl.Log4jLoggerAdapter(org.mortbay.log) via org.mortbay.log.Slf4jLog,440
282,653f5044,Added new volume: DS-f790b728-1e6a-46a8-8ce4-f8d0038a603b,6
283,5f1c6762,"VolumeScanner(/opt/hdfs/data, DS-34c73160-<*>-47e8-<*>-c2d586e24001) exiting.",6
284,91934b40,Adding block pool BP-<*>-<*>-<*>,437
285,56b6cdb8,"DatanodeRegistration(<*>, datanodeUuid=cf186bb5-4e79-4aaf-abd3-6d420db25497, infoPort=<*>, infoSecurePort=<*>, ipcPort=<*>, storageInfo=lv=<*>;cid=CID-254fec23-fa57-<*>-<*>-92d5cf14cc2e;nsid=<*>;c=<*>) Starting thread to transfer BP-<*>-<*><*>:<*>_<*> to <*> <*>",34
286,108790b9,Setting up storage: <*>,437
287,0c7d55b6,"DatanodeRegistration(<*>, datanodeUuid=cfd79aa1-45f8-4e65-ad3a-96b42cd4bad2, infoPort=<*>, infoSecurePort=<*>, ipcPort=<*>, storageInfo=lv=<*>;cid=CID-254fec23-fa57-<*>-<*>-92d5cf14cc2e;nsid=<*>;c=<*>) Starting thread to transfer BP-<*>-<*><*>:<*>_<*> to <*> <*> <*> <*> <*> <*> <*>",8
288,66a64941,"VolumeScanner(/tmp/hadoop-hdfs/dfs/data, DS-fb5df949-457f-4a87-824e-0525f023836f): finished scanning block pool BP-<*>-<*>-<*>",1
289,de8a77f7,"VolumeScanner(/opt/hdfs/data, DS-e9c6f5f2-d802-4e59-a09d-091ce3c604fc) exiting.",5
290,c62d5acb,Time to add replicas to map for block pool BP-<*>-<*><*> on volume <*> <*>,431
291,59c7f8bb,"VolumeScanner(/tmp/hadoop-hdfs/dfs/data, DS-2e85259b-<*>-<*>-a949-60e75672c6b4): finished scanning block pool BP-<*>-<*>-<*>",1
292,9fa2c408,"src: <*>, dest: <*>, bytes: <*>, op: HDFS_WRITE, cliID: <*> offset: <*>, srvID: c3a1996d-957e-<*>-91a7-6dd48549cb57, blockid: BP-<*>-<*><*>:<*>_<*>, duration: <*>",254187
293,320000000000,"VolumeScanner(/opt/hdfs/data, DS-5bc4e474-3d2b-4ca4-bea0-956ccd80a9a6) exiting because of exception",5
294,5ebeed61,"VolumeScanner(/opt/hdfs/data, DS-0e51b58c-f127-4def-83f9-fe88d5536e52): no suitable block pools found to scan. Waiting <*> ms.",11
295,83d23760,"DatanodeRegistration(<*>, datanodeUuid=ca4dcde5-<*>-4c3e-<*>-a622e243c369, infoPort=<*>, infoSecurePort=<*>, ipcPort=<*>, storageInfo=lv=<*>;cid=CID-254fec23-fa57-<*>-<*>-92d5cf14cc2e;nsid=<*>;c=<*>) Starting thread to transfer BP-<*>-<*><*>:<*>_<*> to <*> <*>",3
296,b3996efc,"VolumeScanner(/opt/hdfs/data, DS-bcc11f7f-7a07-4b2b-9bce-45ff247878dc): Not scheduling suspect block BP-<*>-<*><*>:<*>_<*> for rescanning, because we rescanned it recently.",317
297,6c3cd5a8,"DatanodeRegistration(<*>, datanodeUuid=591c16fa-ef87-<*>-b3ba-13eb8191028f, infoPort=<*>, infoSecurePort=<*>, ipcPort=<*>, storageInfo=lv=<*>;cid=CID-254fec23-fa57-<*>-<*>-92d5cf14cc2e;nsid=<*>;c=<*>):Exception writing BP-<*>-<*><*>:<*>_<*> to mirror <*>",1
298,ff913f30,mesos-master-<*>:<*>:DataXceiver error processing WRITE_BLOCK operation src: <*> dst: <*>; org.apache.hadoop.hdfs.server.datanode.ReplicaAlreadyExistsException: Block BP-<*>-<*><*>:<*>_<*> already exists in state FINALIZED and thus cannot be created.,4
299,97e7bc4e,"VolumeScanner(/opt/hdfs/data, DS-ae5d34ab-b7b0-43b0-9cdd-5d7ccee7b2df): Not scheduling suspect block BP-<*>-<*><*>:<*>_<*> for rescanning, because we rescanned it recently.",14
300,ea28bb80,DataNode metrics system started,440
301,03ffb9cf,"DatanodeRegistration(<*>, datanodeUuid=ca4dcde5-<*>-4c3e-<*>-a622e243c369, infoPort=<*>, infoSecurePort=<*>, ipcPort=<*>, storageInfo=lv=<*>;cid=CID-254fec23-fa57-<*>-<*>-92d5cf14cc2e;nsid=<*>;c=<*>) Starting thread to transfer BP-<*>-<*><*>:<*>_<*> to <*>",11350
302,f84c0645,"DatanodeRegistration(<*>, datanodeUuid=95a87747-ff24-41e2-<*>-0127a1675627, infoPort=<*>, infoSecurePort=<*>, ipcPort=<*>, storageInfo=lv=<*>;cid=CID-254fec23-fa57-<*>-<*>-92d5cf14cc2e;nsid=<*>;c=<*>):Failed to transfer BP-<*>-<*><*>:<*>_<*> to <*> got",6
303,4a2c5e56,"src: <*>, dest: <*>, bytes: <*>, op: HDFS_WRITE, cliID: <*> offset: <*>, srvID: f80a7bac-b6b5-4c05-a6b8-e78c2c7aa549, blockid: BP-<*>-<*><*>:<*>_<*>, duration: <*>",235972
304,dca2c5fe,"DatanodeRegistration(<*>, datanodeUuid=7fe0f580-2b25-40c8-b236-c5df5dd08ca7, infoPort=<*>, infoSecurePort=<*>, ipcPort=<*>, storageInfo=lv=<*>;cid=CID-254fec23-fa57-<*>-<*>-92d5cf14cc2e;nsid=<*>;c=<*>):Got exception while serving BP-<*>-<*><*>:<*>_<*> to <*>",1
305,b91728a2,"DatanodeRegistration(<*>, datanodeUuid=bc724d4c-<*>-4cf7-85a2-552527e2d444, infoPort=<*>, infoSecurePort=<*>, ipcPort=<*>, storageInfo=lv=<*>;cid=CID-254fec23-fa57-<*>-<*>-92d5cf14cc2e;nsid=<*>;c=<*>) Starting thread to transfer BP-<*>-<*><*>:<*>_<*> to <*> <*> <*> <*> <*> <*> <*>",14
306,8162681a,"DatanodeRegistration(<*>, datanodeUuid=c5c0b742-2b9e-43f2-ba3a-91fd3f3972c4, infoPort=<*>, infoSecurePort=<*>, ipcPort=<*>, storageInfo=lv=<*>;cid=CID-254fec23-fa57-<*>-<*>-92d5cf14cc2e;nsid=<*>;c=<*>) Starting thread to transfer BP-<*>-<*><*>:<*>_<*> to <*> <*> <*> <*> <*> <*> <*>",16
307,a6ec12be,"registered UNIX signal handlers for [TERM, HUP, INT]",440
308,2549f44a,"VolumeScanner(/opt/hdfs/data, DS-7a6c123d-b84a-4edc-abf8-95308e85b571) exiting because of exception",5
309,daed45de,RECEIVED SIGNAL <*>: SIGTERM,303
310,91886cdf,Time taken to scan block pool BP-<*>-<*><*> on /opt/hdfs/data/current: <*>,6
311,8af7802f,"VolumeScanner(/opt/hdfs/data, DS-e9c6f5f2-d802-4e59-a09d-091ce3c604fc): suspect block BP-<*>-<*><*>:<*>_<*> is already queued for rescanning.",863
312,b08301b5,"src: <*>, dest: <*>, bytes: <*>, op: HDFS_WRITE, cliID: <*> offset: <*>, srvID: 763295e4-6a5f-4f00-a559-614cb9d92271, blockid: BP-<*>-<*><*>:<*>_<*>, duration: <*>",196298
313,2bc97bc2,"DatanodeRegistration(<*>, datanodeUuid=1e17ab02-baf4-<*>-88eb-bd036faa8cd3, infoPort=<*>, infoSecurePort=<*>, ipcPort=<*>, storageInfo=lv=<*>;cid=CID-254fec23-fa57-<*>-<*>-92d5cf14cc2e;nsid=<*>;c=<*>) Starting thread to transfer BP-<*>-<*><*>:<*>_<*> to <*> <*>",35
314,89317daf,opWriteBlock BP-<*>-<*><*>:<*>_<*> received exception java.net.SocketTimeoutException: <*> millis timeout while waiting for channel to be ready for read. ch : java.nio.channels.SocketChannel[connected local=<*> remote=<*>],2
315,32b13b4f,"VolumeScanner(/opt/hdfs/data, DS-9a09120d-<*>-<*>-b289-cea074604f4a): Scheduling suspect block BP-<*>-<*><*>:<*>_<*> for rescanning.",285
316,57a0a2e8,"VolumeScanner(/opt/hdfs/data, DS-f3fe2187-b185-<*>-8fc2-53b08de7058c): finished scanning block pool BP-<*>-<*>-<*>",6
317,91b4e7d8,"VolumeScanner(/opt/hdfs/data, DS-a1a5a67d-<*>-40ce-<*>-0d31e28f3de9): finished scanning block pool BP-<*>-<*>-<*>",7
318,a2403f80,"DatanodeRegistration(<*>, datanodeUuid=<*>-ccb8-49f2-<*>-437980cd5139, infoPort=<*>, infoSecurePort=<*>, ipcPort=<*>, storageInfo=lv=<*>;cid=CID-254fec23-fa57-<*>-<*>-92d5cf14cc2e;nsid=<*>;c=<*>):Failed to transfer BP-<*>-<*><*>:<*>_<*> to <*> got",5
319,9bc8e9e2,IOException in offerService,447416
320,86a853d5,"VolumeScanner(/tmp/hadoop-hdfs/dfs/data, DS-c0c1283f-1af1-46d9-<*>-db82f674691a): finished scanning block pool BP-<*>-<*>-<*>",1
321,b01ffea2,"VolumeScanner(/opt/hdfs/data, DS-f790b728-1e6a-46a8-8ce4-f8d0038a603b): Not scheduling suspect block BP-<*>-<*><*>:<*>_<*> for rescanning, because we rescanned it recently.",7414
322,c00d72b4,"DatanodeRegistration(<*>, datanodeUuid=7fe0f580-2b25-40c8-b236-c5df5dd08ca7, infoPort=<*>, infoSecurePort=<*>, ipcPort=<*>, storageInfo=lv=<*>;cid=CID-254fec23-fa57-<*>-<*>-92d5cf14cc2e;nsid=<*>;c=<*>) Starting thread to transfer BP-<*>-<*><*>:<*>_<*> to <*> <*> <*> <*> <*> <*> <*>",11
323,1ce8abfa,"VolumeScanner(/opt/hdfs/data, DS-f790b728-1e6a-46a8-8ce4-f8d0038a603b) exiting.",2
324,c8e9c43f,"VolumeScanner(/tmp/hadoop-hdfs/dfs/data, DS-ab5c78d9-a84a-4c31-a769-118a84b312a3): no suitable block pools found to scan. Waiting <*> ms.",1
325,a7bdb91b,"DataNode{data=FSDataset{dirpath='[/opt/hdfs/data/current]'}, localName='mesos-master-<*>:<*>', datanodeUuid='d9ef1b17-<*>-4cd8-91eb-095413c3427f', xmitsInProgress=<*>}:Exception transfering block BP-<*>-<*><*>:<*>_<*> to mirror <*> java.net.SocketTimeoutException: <*> millis timeout while waiting for channel to be ready for read. ch : java.nio.channels.SocketChannel[connected local=<*> remote=<*>]",1
326,b9fa9d72,"DatanodeRegistration(<*>, datanodeUuid=4f8dd80e-ab80-41ad-b045-99cfeb1828d2, infoPort=<*>, infoSecurePort=<*>, ipcPort=<*>, storageInfo=lv=<*>;cid=CID-254fec23-fa57-<*>-<*>-92d5cf14cc2e;nsid=<*>;c=<*>):Failed to transfer BP-<*>-<*><*>:<*>_<*> to <*> got",6
327,273f09d3,"DatanodeRegistration(<*>, datanodeUuid=2cec2184-90ab-49f8-b712-7a3ac5cd83e8, infoPort=<*>, infoSecurePort=<*>, ipcPort=<*>, storageInfo=lv=<*>;cid=CID-254fec23-fa57-<*>-<*>-92d5cf14cc2e;nsid=<*>;c=<*>) Starting thread to transfer BP-<*>-<*><*>:<*>_<*> to <*> <*>",33
328,00e53423,"DatanodeRegistration(<*>, datanodeUuid=8414aed5-c683-<*>-83f1-716399c64f8f, infoPort=<*>, infoSecurePort=<*>, ipcPort=<*>, storageInfo=lv=<*>;cid=CID-254fec23-fa57-<*>-<*>-92d5cf14cc2e;nsid=<*>;c=<*>) Starting thread to transfer BP-<*>-<*><*>:<*>_<*> to <*>",23853
329,066d0ecf,"VolumeScanner(/opt/hdfs/data, DS-e9c6f5f2-d802-4e59-a09d-091ce3c604fc): Scheduling suspect block BP-<*>-<*><*>:<*>_<*> for rescanning.",226
330,ca506fe8,Can't replicate block BP-<*>-<*><*>:<*>_<*> because on-disk length <*> is shorter than NameNode recorded length <*>,3
331,2793c4e0,"VolumeScanner(/opt/hdfs/data, DS-8de4ae37-fac2-404a-a8e3-dcecd440f907) exiting because of exception",6
332,e5053ed3,"VolumeScanner(/tmp/hadoop-hdfs/dfs/data, DS-33a8d03c-<*>-4f77-8b1c-95bf19ba6a56): no suitable block pools found to scan. Waiting <*> ms.",1
333,9bf45b61,"DatanodeRegistration(<*>, datanodeUuid=6b07e51c-34ad-4e4c-<*>-86ae10eaf5b8, infoPort=<*>, infoSecurePort=<*>, ipcPort=<*>, storageInfo=lv=<*>;cid=CID-254fec23-fa57-<*>-<*>-92d5cf14cc2e;nsid=<*>;c=<*>) Starting thread to transfer BP-<*>-<*><*>:<*>_<*> to <*> <*> <*> <*> <*> <*> <*>",15
334,244f9b87,"VolumeScanner(/opt/hdfs/data, DS-19583ec0-99ea-4dcc-b1c1-601e561bc714): suspect block BP-<*>-<*><*>:<*>_<*> is already queued for rescanning.",652
335,1b3c3c3c,Detected pause in JVM or host machine (eg GC): pause of approximately <*>,1096
336,b5202599,"VolumeScanner(/opt/hdfs/data, DS-a1a5a67d-<*>-40ce-<*>-0d31e28f3de9) exiting because of exception",5
337,f9f5170a,"DatanodeRegistration(<*>, datanodeUuid=d9ef1b17-<*>-4cd8-91eb-095413c3427f, infoPort=<*>, infoSecurePort=<*>, ipcPort=<*>, storageInfo=lv=<*>;cid=CID-254fec23-fa57-<*>-<*>-92d5cf14cc2e;nsid=<*>;c=<*>) Starting thread to transfer BP-<*>-<*><*>:<*>_<*> to <*> <*>",4
338,02541ffa,"VolumeScanner(/opt/hdfs/data, DS-7a6c123d-b84a-4edc-abf8-95308e85b571): Not scheduling suspect block BP-<*>-<*><*>:<*>_<*> for rescanning, because we rescanned it recently.",308
339,4c59506a,"VolumeScanner(/opt/hdfs/data, DS-8de4ae37-fac2-404a-a8e3-dcecd440f907): Scheduling suspect block BP-<*>-<*><*>:<*>_<*> for rescanning.",266
340,d4bbd1e8,"VolumeScanner(/opt/hdfs/data, DS-dbb4b57b-<*>-<*>-b455-c40d0a4fbe6b): finished scanning block pool BP-<*>-<*>-<*>",6
341,ffc28123,"VolumeScanner(/opt/hdfs/data, DS-ae5d34ab-b7b0-43b0-9cdd-5d7ccee7b2df): finished scanning block pool BP-<*>-<*>-<*>",11
342,537ced24,"VolumeScanner(/opt/hdfs/data, DS-5bc4e474-3d2b-4ca4-bea0-956ccd80a9a6): finished scanning block pool BP-<*>-<*>-<*>",16
343,7b1dfb96,"VolumeScanner(/tmp/hadoop-hdfs/dfs/data, DS-da883f59-109e-482f-8d81-7b7c0e7b748b): no suitable block pools found to scan. Waiting <*> ms.",1
344,66986777,"VolumeScanner(/opt/hdfs/data, DS-19583ec0-99ea-4dcc-b1c1-601e561bc714) exiting.",6
345,c0e66a5a,"VolumeScanner(/tmp/hadoop-hdfs/dfs/data, DS-22c17f26-c20b-4d2f-<*>-fab6d836befe): no suitable block pools found to scan. Waiting <*> ms.",1
346,9853c6c7,Slow manageWriterOsCache took <*> (threshold=300ms),3494
347,ee10a75e,"src: <*>, dest: <*>, bytes: <*>, op: HDFS_WRITE, cliID: <*> offset: <*>, srvID: 2c1bdd15-d819-4dbe-aaa1-a0f8912a90e1, blockid: BP-<*>-<*><*>:<*>_<*>, duration: <*>",245651
348,4aa9fd69,"VolumeScanner(/opt/hdfs/data, DS-8bc58371-b56b-4cac-ba6c-61d6a5ec2d05): finished scanning block pool BP-<*>-<*>-<*>",6
349,c87385cf,"VolumeScanner(/opt/hdfs/data, DS-a0410d01-b2ce-49c7-ad6c-7373f9b7606b): Not scheduling suspect block BP-<*>-<*><*>:<*>_<*> for rescanning, because we rescanned it recently.",354
350,161af3e9,"src: <*>, dest: <*>, bytes: <*>, op: HDFS_WRITE, cliID: <*> offset: <*>, srvID: 6b07e51c-34ad-4e4c-<*>-86ae10eaf5b8, blockid: BP-<*>-<*><*>:<*>_<*>, duration: <*>",238588
351,dff48683,"src: <*>, dest: <*>, bytes: <*>, op: HDFS_WRITE, cliID: <*> offset: <*>, srvID: d3664f15-838b-<*>-acec-e768d4d38aa9, blockid: BP-<*>-<*><*>:<*>_<*>, duration: <*>",243924
352,176e00fc,"PacketResponder: BP-<*>-<*><*>:<*>_<*>, type=HAS_DOWNSTREAM_IN_PIPELINE: Thread is interrupted.",1
353,135c54a4,"VolumeScanner(/tmp/hadoop-hdfs/dfs/data, DS-ea7aa39b-5f38-<*>-b3d4-9caf06f55ea8): no suitable block pools found to scan. Waiting <*> ms.",1
354,2efe01a7,"VolumeScanner(/opt/hdfs/data, DS-94864aae-c689-4aac-86cb-754ab8ffdd23): Scheduling suspect block BP-<*>-<*><*>:<*>_<*> for rescanning.",295
355,5bf305d7,Formatting block pool BP-<*>-<*><*> directory /opt/hdfs/data/current/BP-<*>-<*><*>/current,1
356,21fcc1d9,"VolumeScanner(/opt/hdfs/data, DS-1480948f-1ba8-4e7b-84dd-54af75927c66): Not scheduling suspect block BP-<*>-<*><*>:<*>_<*> for rescanning, because we rescanned it recently.",324
357,1cecd53f,"src: <*>, dest: <*>, bytes: <*>, op: HDFS_WRITE, cliID: <*> offset: <*>, srvID: 3dbfe17f-642e-40b5-<*>-cc848bcdf25d, blockid: BP-<*>-<*><*>:<*>_<*>, duration: <*>",270254
358,a02e4ce3,"DatanodeRegistration(<*>, datanodeUuid=c3a1996d-957e-<*>-91a7-6dd48549cb57, infoPort=<*>, infoSecurePort=<*>, ipcPort=<*>, storageInfo=lv=<*>;cid=CID-254fec23-fa57-<*>-<*>-92d5cf14cc2e;nsid=<*>;c=<*>) Starting thread to transfer BP-<*>-<*><*>:<*>_<*> to <*>",25239
359,6aff6fc9,"Unsuccessfully sent block report 0x6070f986135f57, containing <*> storage report(s), of which we sent <*>. The reports had <*> total blocks and used <*> RPC(s). This took <*> msec to generate and <*> msecs for RPC and NN processing. Got back no commands.",1
360,633a57a3,"Unsuccessfully sent block report 0x601b7f68750a01, containing <*> storage report(s), of which we sent <*>. The reports had <*> total blocks and used <*> RPC(s). This took <*> msec to generate and <*> msecs for RPC and NN processing. Got back no commands.",1
361,d863add0,"VolumeScanner(/opt/hdfs/data, DS-1480948f-1ba8-4e7b-84dd-54af75927c66): no suitable block pools found to scan. Waiting <*> ms.",8
362,ace4c92c,Starting DataNode with maxLockedMemory = <*>,440
363,01e0162d,"VolumeScanner(/opt/hdfs/data, DS-1480948f-1ba8-4e7b-84dd-54af75927c66): suspect block BP-<*>-<*><*>:<*>_<*> is already queued for rescanning.",785
364,9a233cdb,"VolumeScanner(/tmp/hadoop-hdfs/dfs/data, DS-02718dd2-5e43-4c67-99d1-bc698807426c): finished scanning block pool BP-<*>-<*>-<*>",1
365,15617ba1,"VolumeScanner(/opt/hdfs/data, DS-76445d18-d454-4ea4-ba1d-34302a85a21d): finished scanning block pool BP-<*>-<*>-<*>",6
366,ed07b7d8,"DatanodeRegistration(<*>, datanodeUuid=42a30b39-d95f-4c29-a5a1-cec1d992a339, infoPort=<*>, infoSecurePort=<*>, ipcPort=<*>, storageInfo=lv=<*>;cid=CID-254fec23-fa57-<*>-<*>-92d5cf14cc2e;nsid=<*>;c=<*>) Starting thread to transfer BP-<*>-<*><*>:<*>_<*> to <*> <*>",6
367,73b103d7,IPC Server listener on <*>: starting,440
368,ecbf7849,"VolumeScanner(/opt/hdfs/data, DS-6c637255-<*>-43f6-<*>-bec8b1cc7d42) exiting because of exception",5
369,01736eff,"VolumeScanner(/opt/hdfs/data, DS-a1a5a67d-<*>-40ce-<*>-0d31e28f3de9): Scheduling suspect block BP-<*>-<*><*>:<*>_<*> for rescanning.",239
370,db6ebb6e,"src: <*>, dest: <*>, bytes: <*>, op: HDFS_WRITE, cliID: <*> offset: <*>, srvID: 2cec2184-90ab-49f8-b712-7a3ac5cd83e8, blockid: BP-<*>-<*><*>:<*>_<*>, duration: <*>",229460
371,4c33afa2,Initialization failed for Block pool <registering> (Datanode Uuid unassigned) service to mesos-master-<*><*>. Exiting.,2
372,5ac0d634,"VolumeScanner(/tmp/hadoop-hdfs/dfs/data, DS-9e42e490-1f2a-4aeb-923b-5fdb17af061f): finished scanning block pool BP-<*>-<*>-<*>",1
373,fc8fc0dc,"VolumeScanner(/opt/hdfs/data, DS-19583ec0-99ea-4dcc-b1c1-601e561bc714): finished scanning block pool BP-<*>-<*>-<*>",5
374,2eae5728,"VolumeScanner(/tmp/hadoop-hdfs/dfs/data, DS-da1bf398-d316-4e89-b510-1350dc29bcd3): no suitable block pools found to scan. Waiting <*> ms.",1
375,8aa20788,Jetty bound to port <*>,440
376,ea76b782,"VolumeScanner(/opt/hdfs/data, DS-ae5d34ab-b7b0-43b0-9cdd-5d7ccee7b2df) exiting.",4
377,53a7b0d0,"VolumeScanner(/opt/hdfs/data, DS-e9c6f5f2-d802-4e59-a09d-091ce3c604fc): Not scheduling suspect block BP-<*>-<*><*>:<*>_<*> for rescanning, because we rescanned it recently.",381
378,38db2205,Now scanning bpid BP-<*>-<*><*> on volume <*>,50
379,510c9310,Periodic Directory Tree Verification scan starting at <*> with interval <*>,437
380,44f897dc,"VolumeScanner(/tmp/hadoop-hdfs/dfs/data, DS-e8037f8c-fba0-4f6c-8d44-fe8de386983d): finished scanning block pool BP-<*>-<*>-<*>",1
381,6510a35d,"VolumeScanner(/tmp/hadoop-hdfs/dfs/data, DS-ad81e17e-638e-4ef8-87dd-9f0664626eda): finished scanning block pool BP-<*>-<*>-<*>",1
382,a8ce3fcd,"VolumeScanner(/opt/hdfs/data, DS-f3fe2187-b185-<*>-8fc2-53b08de7058c): no suitable block pools found to scan. Waiting <*> ms.",41
383,6caf9408,"VolumeScanner(/tmp/hadoop-hdfs/dfs/data, DS-<*>-<*>-497e-8ba0-796f4680027d): no suitable block pools found to scan. Waiting <*> ms.",1
384,c55f4e5b,"DatanodeRegistration(<*>, datanodeUuid=<*>-ccb8-49f2-<*>-437980cd5139, infoPort=<*>, infoSecurePort=<*>, ipcPort=<*>, storageInfo=lv=<*>;cid=CID-254fec23-fa57-<*>-<*>-92d5cf14cc2e;nsid=<*>;c=<*>) Starting thread to transfer BP-<*>-<*><*>:<*>_<*> to <*> <*>",36
385,e3be6386,"DatanodeRegistration(<*>, datanodeUuid=696bb755-<*>-415a-8abd-b730d39cd282, infoPort=<*>, infoSecurePort=<*>, ipcPort=<*>, storageInfo=lv=<*>;cid=CID-254fec23-fa57-<*>-<*>-92d5cf14cc2e;nsid=<*>;c=<*>) Starting thread to transfer BP-<*>-<*><*>:<*>_<*> to <*>",23450
386,41c61f4e,Time taken to scan block pool BP-<*>-<*><*> on <*> <*>,431
387,7cbe50ca,Generated and persisted new Datanode UUID <*>,50
388,882df88d,IOException in BlockReceiver constructor. Cause is,1
389,a927b218,"VolumeScanner(/tmp/hadoop-hdfs/dfs/data, DS-4fc8c98d-c267-<*>-<*>-daaf9d9527d5): finished scanning block pool BP-<*>-<*>-<*>",1
390,756f384e,"DatanodeRegistration(<*>, datanodeUuid=c3a1996d-957e-<*>-91a7-6dd48549cb57, infoPort=<*>, infoSecurePort=<*>, ipcPort=<*>, storageInfo=lv=<*>;cid=CID-254fec23-fa57-<*>-<*>-92d5cf14cc2e;nsid=<*>;c=<*>) Starting thread to transfer BP-<*>-<*><*>:<*>_<*> to <*> <*>",38
391,8c05bc1e,"VolumeScanner(/opt/hdfs/data, DS-6c637255-<*>-43f6-<*>-bec8b1cc7d42): Not scheduling suspect block BP-<*>-<*><*>:<*>_<*> for rescanning, because we rescanned it recently.",90
392,05eba6c8,"VolumeScanner(/opt/hdfs/data, DS-11caa2db-d7fa-4e34-<*>-e6b4ed7de3ec) exiting because of exception",6
393,04e20c9f,Detected pause in JVM or host machine (eg GC): pause of approximately 1237ms,1
394,bac830a8,"DatanodeRegistration(<*>, datanodeUuid=f80a7bac-b6b5-4c05-a6b8-e78c2c7aa549, infoPort=<*>, infoSecurePort=<*>, ipcPort=<*>, storageInfo=lv=<*>;cid=CID-254fec23-fa57-<*>-<*>-92d5cf14cc2e;nsid=<*>;c=<*>) Starting thread to transfer BP-<*>-<*><*>:<*>_<*> to <*>",12807
395,be6bd8c1,"VolumeScanner(/opt/hdfs/data, DS-0e51b58c-f127-4def-83f9-fe88d5536e52): suspect block BP-<*>-<*><*>:<*>_<*> is already queued for rescanning.",580
396,b542e430,Block pool storage directory /tmp/hadoop-hdfs/dfs/data/current/BP-<*>-<*><*> is not formatted for BP-<*>-<*>-<*>,2
397,b49816d2,"VolumeScanner(/opt/hdfs/data, DS-e4e85a3b-<*>-<*>-a632-b5b04f359dc3): Not scheduling suspect block BP-<*>-<*><*>:<*>_<*> for rescanning, because we rescanned it recently.",425
398,ca7d7941,loaded properties from hadoop-metrics2.properties,440
399,5b21022b,Added new volume: <*>,431
400,ca92ac4b,"VolumeScanner(/opt/hdfs/data, DS-9a09120d-<*>-<*>-b289-cea074604f4a): no suitable block pools found to scan. Waiting <*> ms.",19
401,ea4c8e17,"VolumeScanner(/opt/hdfs/data, DS-95002c56-707d-<*>-<*>-0183a98f8a44): Not scheduling suspect block BP-<*>-<*><*>:<*>_<*> for rescanning, because we rescanned it recently.",391
402,690d90cb,"VolumeScanner(/opt/hdfs/data, DS-f1331212-<*>-4fd2-8c8d-bdeeec4566cc): suspect block BP-<*>-<*><*>:<*>_<*> is already queued for rescanning.",1221
403,7d21b61d,"VolumeScanner(/tmp/hadoop-hdfs/dfs/data, DS-7a7a7795-8de6-4d40-9b58-3ab5405a788d): no suitable block pools found to scan. Waiting <*> ms.",1
404,eb3f9dd1,"VolumeScanner(/opt/hdfs/data, DS-8eaa8b25-0f80-<*>-acea-85157ebb9efc) exiting because of exception",6
405,939e593c,"Likely the client has stopped reading, disconnecting it (mesos-slave-<*>:<*>:DataXceiver error processing READ_BLOCK operation src: <*> dst: <*>); java.net.SocketTimeoutException: <*> millis timeout while waiting for channel to be ready for write. ch : java.nio.channels.SocketChannel[connected local=<*> remote=<*>]",2
406,a370378c,"VolumeScanner(/opt/hdfs/data, DS-6c637255-<*>-43f6-<*>-bec8b1cc7d42): Scheduling suspect block BP-<*>-<*><*>:<*>_<*> for rescanning.",232
407,5375bb30,Storage directory /opt/hdfs/data is not formatted for BP-<*>-<*>-<*>,1
408,c4f46145,"VolumeScanner(/tmp/hadoop-hdfs/dfs/data, DS-5cf2fc63-3a8b-41d5-beec-c942648e4d90): finished scanning block pool BP-<*>-<*>-<*>",1
409,fe516f57,"DatanodeRegistration(<*>, datanodeUuid=f80a7bac-b6b5-4c05-a6b8-e78c2c7aa549, infoPort=<*>, infoSecurePort=<*>, ipcPort=<*>, storageInfo=lv=<*>;cid=CID-254fec23-fa57-<*>-<*>-92d5cf14cc2e;nsid=<*>;c=<*>) Starting thread to transfer BP-<*>-<*><*>:<*>_<*> to <*> <*> <*> <*> <*> <*> <*>",10
410,67467d48,"VolumeScanner(/opt/hdfs/data, DS-8bc58371-b56b-4cac-ba6c-61d6a5ec2d05) exiting.",6
411,f58cdbea,Acknowledging ACTIVE Namenode Block pool BP-<*>-<*><*> (Datanode Uuid d9ef1b17-<*>-4cd8-91eb-095413c3427f) service to mesos-master-<*><*>,6
412,6f3c697b,Generated and persisted new Datanode UUID d9ef1b17-<*>-4cd8-91eb-095413c3427f,1
413,5f5370c4,mesos-slave-<*>:<*>:DataXceiver error processing unknown operation src: <*> dst: <*>,14
414,6daa9390,"VolumeScanner(/opt/hdfs/data, DS-a0410d01-b2ce-49c7-ad6c-7373f9b7606b) exiting because of exception",5
415,1056ecb4,"DatanodeRegistration(<*>, datanodeUuid=591c16fa-ef87-<*>-b3ba-13eb8191028f, infoPort=<*>, infoSecurePort=<*>, ipcPort=<*>, storageInfo=lv=<*>;cid=CID-254fec23-fa57-<*>-<*>-92d5cf14cc2e;nsid=<*>;c=<*>) Starting thread to transfer BP-<*>-<*><*>:<*>_<*> to <*>",25949
416,ba519ac1,Starting CheckDiskError Thread,32
417,8f9964c3,Scanning block pool BP-<*>-<*><*> on volume /opt/hdfs/data/current...,6
418,8fc28f0b,"VolumeScanner(/tmp/hadoop-hdfs/dfs/data, DS-7d357a5f-01e9-4fb1-8d89-47b0c77e215e): finished scanning block pool BP-<*>-<*>-<*>",1
419,830fb615,"src: <*>, dest: <*>, bytes: <*>, op: HDFS_WRITE, cliID: <*> offset: <*>, srvID: 8414aed5-c683-<*>-83f1-716399c64f8f, blockid: BP-<*>-<*><*>:<*>_<*>, duration: <*>",222688
420,54f5a3a6,Number threads for balancing is <*>,440
421,844e461e,"VolumeScanner(/opt/hdfs/data, DS-7a6c123d-b84a-4edc-abf8-95308e85b571): Scheduling suspect block BP-<*>-<*><*>:<*>_<*> for rescanning.",253
422,9e1a58b7,"VolumeScanner(/tmp/hadoop-hdfs/dfs/data, DS-e7191155-<*>-4ecd-8e29-c022b16ccd32): no suitable block pools found to scan. Waiting <*> ms.",1
423,ef594152,"VolumeScanner(/opt/hdfs/data, DS-9a09120d-<*>-<*>-b289-cea074604f4a) exiting because of exception",4
424,9fcc3a95,"VolumeScanner(/tmp/hadoop-hdfs/dfs/data, DS-ab5c78d9-a84a-4c31-a769-118a84b312a3): finished scanning block pool BP-<*>-<*>-<*>",1
425,f46258d5,"DatanodeRegistration(<*>, datanodeUuid=0cbb6590-6a63-4e8d-b6fc-68bf01abba58, infoPort=<*>, infoSecurePort=<*>, ipcPort=<*>, storageInfo=lv=<*>;cid=CID-254fec23-fa57-<*>-<*>-92d5cf14cc2e;nsid=<*>;c=<*>) Starting thread to transfer BP-<*>-<*><*>:<*>_<*> to <*> <*> <*> <*> <*> <*> <*>",9
426,0b46e33d,"DatanodeRegistration(<*>, datanodeUuid=1e17ab02-baf4-<*>-88eb-bd036faa8cd3, infoPort=<*>, infoSecurePort=<*>, ipcPort=<*>, storageInfo=lv=<*>;cid=CID-254fec23-fa57-<*>-<*>-92d5cf14cc2e;nsid=<*>;c=<*>):Failed to transfer BP-<*>-<*><*>:<*>_<*> to <*> got",5
427,cb2a0d75,"DatanodeRegistration(<*>, datanodeUuid=ac6cb715-a2bc-<*>-aaa4-10fcbd1c390e, infoPort=<*>, infoSecurePort=<*>, ipcPort=<*>, storageInfo=lv=<*>;cid=CID-254fec23-fa57-<*>-<*>-92d5cf14cc2e;nsid=<*>;c=<*>) Starting thread to transfer BP-<*>-<*><*>:<*>_<*> to <*> <*> <*> <*> <*> <*> <*>",12
428,e1172ff0,Balancing bandwith is <*> bytes/s,440
429,c7c8b64d,Listening HTTP traffic on <*>,440
430,596c3004,"src: <*>, dest: <*>, bytes: <*>, op: HDFS_WRITE, cliID: <*> offset: <*>, srvID: <*>-ccb8-49f2-<*>-437980cd5139, blockid: BP-<*>-<*><*>:<*>_<*>, duration: <*>",233767
431,4dc89700,Scheduled snapshot period at <*> second(s).,440
432,8575877,"VolumeScanner(/opt/hdfs/data, DS-11caa2db-d7fa-4e34-<*>-e6b4ed7de3ec) exiting.",6
433,9354f8d3,"VolumeScanner(/tmp/hadoop-hdfs/dfs/data, DS-5cf2fc63-3a8b-41d5-beec-c942648e4d90): no suitable block pools found to scan. Waiting <*> ms.",1
434,ee38675b,"VolumeScanner(/opt/hdfs/data, DS-195b1adf-7b35-<*>-810b-79326b3c20e7): Not scheduling suspect block BP-<*>-<*><*>:<*>_<*> for rescanning, because we rescanned it recently.",547
435,a18ff65a,"DatanodeRegistration(<*>, datanodeUuid=1e17ab02-baf4-<*>-88eb-bd036faa8cd3, infoPort=<*>, infoSecurePort=<*>, ipcPort=<*>, storageInfo=lv=<*>;cid=CID-254fec23-fa57-<*>-<*>-92d5cf14cc2e;nsid=<*>;c=<*>) Starting thread to transfer BP-<*>-<*><*>:<*>_<*> to <*>",24216
436,ccc17099,IPC Server Responder: starting,440
437,191bc427,opWriteBlock BP-<*>-<*><*>:<*>_<*> received exception org.apache.hadoop.hdfs.server.datanode.ReplicaAlreadyExistsException: Block BP-<*>-<*><*>:<*>_<*> already exists in state FINALIZED and thus cannot be created.,31
438,387e10c8,mesos-slave-<*>:<*>:DataXceiver error processing READ_BLOCK operation src: <*> dst: <*>,2
439,226c9f09,"VolumeScanner(/opt/hdfs/data, DS-0e51b58c-f127-4def-83f9-fe88d5536e52) exiting.",2
440,e2965de5,Block pool storage directory <*> is not formatted for BP-<*>-<*>-<*>,50
441,d4730bc2,"DatanodeRegistration(<*>, datanodeUuid=cf186bb5-4e79-4aaf-abd3-6d420db25497, infoPort=<*>, infoSecurePort=<*>, ipcPort=<*>, storageInfo=lv=<*>;cid=CID-254fec23-fa57-<*>-<*>-92d5cf14cc2e;nsid=<*>;c=<*>) Starting thread to transfer BP-<*>-<*><*>:<*>_<*> to <*> <*> <*> <*> <*> <*> <*>",7
442,916d4a74,Using callQueue class java.util.concurrent.LinkedBlockingQueue,440
443,67c60a3a,"DatanodeRegistration(<*>, datanodeUuid=24324dad-05c2-478c-948f-459cb8677414, infoPort=<*>, infoSecurePort=<*>, ipcPort=<*>, storageInfo=lv=<*>;cid=CID-254fec23-fa57-<*>-<*>-92d5cf14cc2e;nsid=<*>;c=<*>) Starting thread to transfer BP-<*>-<*><*>:<*>_<*> to <*> <*>",43
444,49075907,"DatanodeRegistration(<*>, datanodeUuid=d3664f15-838b-<*>-acec-e768d4d38aa9, infoPort=<*>, infoSecurePort=<*>, ipcPort=<*>, storageInfo=lv=<*>;cid=CID-254fec23-fa57-<*>-<*>-92d5cf14cc2e;nsid=<*>;c=<*>):Failed to transfer BP-<*>-<*><*>:<*>_<*> to <*> got",7
445,d0307b02,"VolumeScanner(/opt/hdfs/data, DS-f790b728-1e6a-46a8-8ce4-f8d0038a603b): suspect block BP-<*>-<*><*>:<*>_<*> is already queued for rescanning.",3962
446,68a678e2,Scheduling <*>_<*> file <*> for deletion,6104252
447,e7ee43bd,"Retrying2016-<*>-<*> <*>:<*>:<*>,<*> INFO org.apache.hadoop.hdfs.server.datanode.DataNode: STARTUP_MSG:",1
448,7fae880d,"VolumeScanner(/opt/hdfs/data, DS-8bc58371-b56b-4cac-ba6c-61d6a5ec2d05) exiting because of exception",6
449,1418307a,Starting BPOfferServices for nameservices: <default>,440
450,6aaeafb4,"VolumeScanner(/tmp/hadoop-hdfs/dfs/data, DS-e9a932c0-edbf-493a-a5ff-8529c9c7d40e): finished scanning block pool BP-<*>-<*>-<*>",1
451,38b22222,"VolumeScanner(/opt/hdfs/data, DS-94864aae-c689-4aac-86cb-754ab8ffdd23) exiting because of exception",6
452,025361b9,Total time to scan all replicas for block pool BP-<*>-<*><*>: <*>,437
453,54072ebb,"VolumeScanner(/opt/hdfs/data, DS-76445d18-d454-4ea4-ba1d-34302a85a21d): Scheduling suspect block BP-<*>-<*><*>:<*>_<*> for rescanning.",231
454,f5063326,Cached dfsUsed found for /opt/hdfs/data/current/BP-<*>-<*><*>/current: <*>,245
455,bbdb80da,"DatanodeRegistration(<*>, datanodeUuid=cf186bb5-4e79-4aaf-abd3-6d420db25497, infoPort=<*>, infoSecurePort=<*>, ipcPort=<*>, storageInfo=lv=<*>;cid=CID-254fec23-fa57-<*>-<*>-92d5cf14cc2e;nsid=<*>;c=<*>) Starting thread to transfer BP-<*>-<*><*>:<*>_<*> to <*>",23955
456,6c498ce4,"Unable to initialize FileSignerSecretProvider, falling back to use random secrets.",440
457,edad8f65,"VolumeScanner(/opt/hdfs/data, DS-6c637255-<*>-43f6-<*>-bec8b1cc7d42): finished scanning block pool BP-<*>-<*>-<*>",6
458,16cae7a4,"DatanodeRegistration(<*>, datanodeUuid=ac6cb715-a2bc-<*>-aaa4-10fcbd1c390e, infoPort=<*>, infoSecurePort=<*>, ipcPort=<*>, storageInfo=lv=<*>;cid=CID-254fec23-fa57-<*>-<*>-92d5cf14cc2e;nsid=<*>;c=<*>) Starting thread to transfer BP-<*>-<*><*>:<*>_<*> to <*>",1319
459,9ef83e0b,"VolumeScanner(/opt/hdfs/data, DS-95002c56-707d-<*>-<*>-0183a98f8a44): no suitable block pools found to scan. Waiting <*> ms.",18
460,b9c6dc97,"VolumeScanner(/opt/hdfs/data, DS-38d42681-e839-47b4-b2e3-495cfc28cbab): no suitable block pools found to scan. Waiting <*> ms.",17
461,a363bea7,"VolumeScanner(/opt/hdfs/data, DS-5bc4e474-3d2b-4ca4-bea0-956ccd80a9a6): suspect block BP-<*>-<*><*>:<*>_<*> is already queued for rescanning.",815
462,0ba81525,ChunkedInput.isEndOfInput() failed,2
463,02b8b8c8,"VolumeScanner(/opt/hdfs/data, DS-a1a5a67d-<*>-40ce-<*>-0d31e28f3de9) exiting.",5
464,475781d0,"DatanodeRegistration(<*>, datanodeUuid=d9ef1b17-<*>-4cd8-91eb-095413c3427f, infoPort=<*>, infoSecurePort=<*>, ipcPort=<*>, storageInfo=lv=<*>;cid=CID-254fec23-fa57-<*>-<*>-92d5cf14cc2e;nsid=<*>;c=<*>) Starting thread to transfer BP-<*>-<*><*>:<*>_<*> to <*>",2515
465,881fa461,"VolumeScanner(/opt/hdfs/data, DS-1480948f-1ba8-4e7b-84dd-54af75927c66) exiting because of exception",2
466,7359136e,"VolumeScanner(/opt/hdfs/data, DS-dbb4b57b-<*>-<*>-b455-c40d0a4fbe6b): suspect block BP-<*>-<*><*>:<*>_<*> is already queued for rescanning.",1106
467,36c4eccc,Initialized block scanner with targetBytesPerSec <*>,440
468,af1a9acc,Block pool storage directory /opt/hdfs/data/current/BP-<*>-<*><*> is not formatted for BP-<*>-<*>-<*>,1
469,b2bf9d75,"VolumeScanner(/opt/hdfs/data, DS-76445d18-d454-4ea4-ba1d-34302a85a21d): suspect block BP-<*>-<*><*>:<*>_<*> is already queued for rescanning.",810
470,30258917,Configured hostname is mesos-master-<*>,38
471,6e605019,Formatting block pool BP-<*>-<*><*> directory /tmp/hadoop-hdfs/dfs/data/current/BP-<*>-<*><*>/current,2
472,021d8297,"DatanodeRegistration(<*>, datanodeUuid=bc724d4c-<*>-4cf7-85a2-552527e2d444, infoPort=<*>, infoSecurePort=<*>, ipcPort=<*>, storageInfo=lv=<*>;cid=CID-254fec23-fa57-<*>-<*>-92d5cf14cc2e;nsid=<*>;c=<*>) Starting thread to transfer BP-<*>-<*><*>:<*>_<*> to <*>",11203
473,19203392,"DatanodeRegistration(<*>, datanodeUuid=24324dad-05c2-478c-948f-459cb8677414, infoPort=<*>, infoSecurePort=<*>, ipcPort=<*>, storageInfo=lv=<*>;cid=CID-254fec23-fa57-<*>-<*>-92d5cf14cc2e;nsid=<*>;c=<*>) Starting thread to transfer BP-<*>-<*><*>:<*>_<*> to <*>",23384
474,76e65afa,Problem connecting to server: mesos-master-<*><*>,4523
475,4547640e,"VolumeScanner(/opt/hdfs/data, DS-195b1adf-7b35-<*>-810b-79326b3c20e7): Scheduling suspect block BP-<*>-<*><*>:<*>_<*> for rescanning.",257
476,c4606bd8,"DatanodeRegistration(<*>, datanodeUuid=2c1bdd15-d819-4dbe-aaa1-a0f8912a90e1, infoPort=<*>, infoSecurePort=<*>, ipcPort=<*>, storageInfo=lv=<*>;cid=CID-254fec23-fa57-<*>-<*>-92d5cf14cc2e;nsid=<*>;c=<*>) Starting thread to transfer BP-<*>-<*><*>:<*>_<*> to <*> <*> <*> <*> <*> <*> <*>",6
477,44fc02d3,"VolumeScanner(/opt/hdfs/data, DS-8de4ae37-fac2-404a-a8e3-dcecd440f907): Not scheduling suspect block BP-<*>-<*><*>:<*>_<*> for rescanning, because we rescanned it recently.",323
478,1400b5b6,"src: <*>, dest: <*>, bytes: <*>, op: HDFS_WRITE, cliID: <*> offset: <*>, srvID: bc724d4c-<*>-4cf7-85a2-552527e2d444, blockid: BP-<*>-<*><*>:<*>_<*>, duration: <*>",218116
479,0dee5972,dnUserName = hdfs,440
480,75e3ac67,"VolumeScanner(/opt/hdfs/data, DS-11caa2db-d7fa-4e34-<*>-e6b4ed7de3ec): suspect block BP-<*>-<*><*>:<*>_<*> is already queued for rescanning.",651
481,a9e867f9,Cached dfsUsed found for <*> <*>,23
482,17087708,Took 2090ms to process <*> commands from NN,1
483,198f22fa,Exiting Datanode,2
484,59edd73a,"VolumeScanner(/opt/hdfs/data, DS-44fcd72c-68b5-4c2d-a193-0777cacd76d3): Scheduling suspect block BP-<*>-<*><*>:<*>_<*> for rescanning.",655
485,0063079d,Slow manageWriterOsCache took 478ms (threshold=300ms),1
486,ef38ea4f,"VolumeScanner(/tmp/hadoop-hdfs/dfs/data, DS-2e85259b-<*>-<*>-a949-60e75672c6b4): no suitable block pools found to scan. Waiting <*> ms.",1
487,65f3fa64,"DatanodeRegistration(<*>, datanodeUuid=591c16fa-ef87-<*>-b3ba-13eb8191028f, infoPort=<*>, infoSecurePort=<*>, ipcPort=<*>, storageInfo=lv=<*>;cid=CID-254fec23-fa57-<*>-<*>-92d5cf14cc2e;nsid=<*>;c=<*>):Failed to transfer BP-<*>-<*><*>:<*>_<*> to <*> got",4
488,fc991038,"DatanodeRegistration(<*>, datanodeUuid=2c1bdd15-d819-4dbe-aaa1-a0f8912a90e1, infoPort=<*>, infoSecurePort=<*>, ipcPort=<*>, storageInfo=lv=<*>;cid=CID-254fec23-fa57-<*>-<*>-92d5cf14cc2e;nsid=<*>;c=<*>) Starting thread to transfer BP-<*>-<*><*>:<*>_<*> to <*>",21277
489,76ebf809,"VolumeScanner(/opt/hdfs/data, DS-0e51b58c-f127-4def-83f9-fe88d5536e52) exiting because of exception",2
490,62fef697,"DatanodeRegistration(<*>, datanodeUuid=6b07e51c-34ad-4e4c-<*>-86ae10eaf5b8, infoPort=<*>, infoSecurePort=<*>, ipcPort=<*>, storageInfo=lv=<*>;cid=CID-254fec23-fa57-<*>-<*>-92d5cf14cc2e;nsid=<*>;c=<*>):Failed to transfer BP-<*>-<*><*>:<*>_<*> to <*> got",7
491,3542879,supergroup = hdfsgroup,6
492,3a994d35,"VolumeScanner(/opt/hdfs/data, DS-f790b728-1e6a-46a8-8ce4-f8d0038a603b): no suitable block pools found to scan. Waiting <*> ms.",127
493,763fa8be,"DatanodeRegistration(<*>, datanodeUuid=c5c0b742-2b9e-43f2-ba3a-91fd3f3972c4, infoPort=<*>, infoSecurePort=<*>, ipcPort=<*>, storageInfo=lv=<*>;cid=CID-254fec23-fa57-<*>-<*>-92d5cf14cc2e;nsid=<*>;c=<*>):Exception writing BP-<*>-<*><*>:<*>_<*> to mirror <*>",1
494,3acd183c,"DatanodeRegistration(<*>, datanodeUuid=6b07e51c-34ad-4e4c-<*>-86ae10eaf5b8, infoPort=<*>, infoSecurePort=<*>, ipcPort=<*>, storageInfo=lv=<*>;cid=CID-254fec23-fa57-<*>-<*>-92d5cf14cc2e;nsid=<*>;c=<*>) Starting thread to transfer BP-<*>-<*><*>:<*>_<*> to <*>",23405
495,1430905e,"VolumeScanner(/opt/hdfs/data, DS-e4e85a3b-<*>-<*>-a632-b5b04f359dc3): Scheduling suspect block BP-<*>-<*><*>:<*>_<*> for rescanning.",353
496,b9e7fcdf,"VolumeScanner(/opt/hdfs/data, DS-bcc11f7f-7a07-4b2b-9bce-45ff247878dc) exiting.",5
497,6312c53f,Formatting block pool BP-<*>-<*><*> directory <*>,50
498,c1b97824,"VolumeScanner(/opt/hdfs/data, DS-e4e85a3b-<*>-<*>-a632-b5b04f359dc3): suspect block BP-<*>-<*><*>:<*>_<*> is already queued for rescanning.",1550
499,5ef13d01,Block pool Block pool BP-<*>-<*><*> (Datanode Uuid <*> service to mesos-master-<*><*> successfully registered with NN,489
500,884473ca,"VolumeScanner(/opt/hdfs/data, DS-a0410d01-b2ce-49c7-ad6c-7373f9b7606b): no suitable block pools found to scan. Waiting <*> ms.",18
501,1b2d8314,"VolumeScanner(/opt/hdfs/data, DS-19583ec0-99ea-4dcc-b1c1-601e561bc714): Not scheduling suspect block BP-<*>-<*><*>:<*>_<*> for rescanning, because we rescanned it recently.",483
502,0d3e1d3d,"VolumeScanner(/opt/hdfs/data, DS-0e51b58c-f127-4def-83f9-fe88d5536e52): Scheduling suspect block BP-<*>-<*><*>:<*>_<*> for rescanning.",222
503,24db4970,"VolumeScanner(/tmp/hadoop-hdfs/dfs/data, DS-7922da36-b08a-<*>-b03e-1a669a082235): finished scanning block pool BP-<*>-<*>-<*>",1
504,26c8a078,"DatanodeRegistration(<*>, datanodeUuid=c5c0b742-2b9e-43f2-ba3a-91fd3f3972c4, infoPort=<*>, infoSecurePort=<*>, ipcPort=<*>, storageInfo=lv=<*>;cid=CID-254fec23-fa57-<*>-<*>-92d5cf14cc2e;nsid=<*>;c=<*>):Failed to transfer BP-<*>-<*><*>:<*>_<*> to <*> got",7
505,236bfdf6,"VolumeScanner(/opt/hdfs/data, DS-8eaa8b25-0f80-<*>-acea-85157ebb9efc): Scheduling suspect block BP-<*>-<*><*>:<*>_<*> for rescanning.",251
506,93805a8e,"src: <*>, dest: <*>, bytes: <*>, op: HDFS_WRITE, cliID: <*> offset: <*>, srvID: 0cbb6590-6a63-4e8d-b6fc-68bf01abba58, blockid: BP-<*>-<*><*>:<*>_<*>, duration: <*>",234548
507,af18093f,"VolumeScanner(/tmp/hadoop-hdfs/dfs/data, DS-657c1a1a-d8ce-40ec-8f1e-07d315b57d4f): finished scanning block pool BP-<*>-<*>-<*>",1
508,adefe553,"VolumeScanner(/tmp/hadoop-hdfs/dfs/data, DS-51f09356-a4c3-416b-add3-2e09e7c9da5f): no suitable block pools found to scan. Waiting <*> ms.",1
509,d72c3663,"DatanodeRegistration(<*>, datanodeUuid=6bb9fad8-<*>-45cb-839b-b929e90f4a6c, infoPort=<*>, infoSecurePort=<*>, ipcPort=<*>, storageInfo=lv=<*>;cid=CID-254fec23-fa57-<*>-<*>-92d5cf14cc2e;nsid=<*>;c=<*>):Exception writing BP-<*>-<*><*>:<*>_<*> to mirror <*>",1
510,cfaa935f,"VolumeScanner(/opt/hdfs/data, DS-5bc4e474-3d2b-4ca4-bea0-956ccd80a9a6): Not scheduling suspect block BP-<*>-<*><*>:<*>_<*> for rescanning, because we rescanned it recently.",351
511,ea43c871,Storage directory /tmp/hadoop-hdfs/dfs/data is not formatted for BP-<*>-<*>-<*>,2
512,30dd0e51,Ending block pool service for: Block pool <registering> (Datanode Uuid unassigned) service to mesos-master-<*><*>,2
513,cb046e68,mesos-master-<*>:<*>:DataXceiver error processing unknown operation src: <*> dst: <*>,1
514,f017e8b6,"Likely the client has stopped reading, disconnecting it (mesos-master-<*>:<*>:DataXceiver error processing READ_BLOCK operation src: <*> dst: <*>); java.net.SocketTimeoutException: <*> millis timeout while waiting for channel to be ready for write. ch : java.nio.channels.SocketChannel[connected local=<*> remote=<*>]",1
515,2c63c248,"VolumeScanner(/opt/hdfs/data, DS-bcc11f7f-7a07-4b2b-9bce-45ff247878dc): no suitable block pools found to scan. Waiting <*> ms.",18
516,069cd6a0,"PacketResponder: BP-<*>-<*><*>:<*>_<*>, type=HAS_DOWNSTREAM_IN_PIPELINE",2
517,21d17dc7,FileNotFound while finding block BP-<*>-<*><*>:<*>_<*> on volume /opt/hdfs/data,152
518,e7165d30,"VolumeScanner(/opt/hdfs/data, DS-1480948f-1ba8-4e7b-84dd-54af75927c66): Scheduling suspect block BP-<*>-<*><*>:<*>_<*> for rescanning.",182
519,36304b80,"VolumeScanner(/opt/hdfs/data, DS-94864aae-c689-4aac-86cb-754ab8ffdd23): finished scanning block pool BP-<*>-<*>-<*>",6
520,ce19057b,"VolumeScanner(/opt/hdfs/data, DS-f3fe2187-b185-<*>-8fc2-53b08de7058c): suspect block BP-<*>-<*><*>:<*>_<*> is already queued for rescanning.",5187
521,55055a4d,"DatanodeRegistration(<*>, datanodeUuid=7fe0f580-2b25-40c8-b236-c5df5dd08ca7, infoPort=<*>, infoSecurePort=<*>, ipcPort=<*>, storageInfo=lv=<*>;cid=CID-254fec23-fa57-<*>-<*>-92d5cf14cc2e;nsid=<*>;c=<*>) Starting thread to transfer BP-<*>-<*><*>:<*>_<*> to <*> <*>",14
522,82b685f0,"VolumeScanner(/opt/hdfs/data, DS-e9c6f5f2-d802-4e59-a09d-091ce3c604fc): finished scanning block pool BP-<*>-<*>-<*>",6
523,9b66e172,"VolumeScanner(/tmp/hadoop-hdfs/dfs/data, DS-51f09356-a4c3-416b-add3-2e09e7c9da5f): finished scanning block pool BP-<*>-<*>-<*>",1
524,0f2ea3b9,Invalid directory in: /opt/hdfs/data/current/BP-<*>-<*><*>: Operation not permitted,28
525,d52489fe,"PacketResponder: BP-<*>-<*><*>:<*>_<*>, type=LAST_IN_PIPELINE, downstreams=<*>:[]: Thread is interrupted.",2
526,14471000,"Slow flushOrSync took <*> (threshold=300ms), isSync:false, <*>",673
527,71e99df7,"DatanodeRegistration(<*>, datanodeUuid=2cec2184-90ab-49f8-b712-7a3ac5cd83e8, infoPort=<*>, infoSecurePort=<*>, ipcPort=<*>, storageInfo=lv=<*>;cid=CID-254fec23-fa57-<*>-<*>-92d5cf14cc2e;nsid=<*>;c=<*>):Failed to transfer BP-<*>-<*><*>:<*>_<*> to <*> got",6
528,6a4e1bbd,"src: <*>, dest: <*>, bytes: <*>, op: HDFS_WRITE, cliID: <*> offset: <*>, srvID: 6f633722-<*>-4ace-8c63-94b9829a3b13, blockid: BP-<*>-<*><*>:<*>_<*>, duration: <*>",254038
529,e677a01f,"VolumeScanner(/opt/hdfs/data, DS-44fcd72c-68b5-4c2d-a193-0777cacd76d3): Not scheduling suspect block BP-<*>-<*><*>:<*>_<*> for rescanning, because we rescanned it recently.",342
530,83e8bf89,"VolumeScanner(/opt/hdfs/data, DS-94864aae-c689-4aac-86cb-754ab8ffdd23): no suitable block pools found to scan. Waiting <*> ms.",19
531,a061f345,"DatanodeRegistration(<*>, datanodeUuid=<*>-ccb8-49f2-<*>-437980cd5139, infoPort=<*>, infoSecurePort=<*>, ipcPort=<*>, storageInfo=lv=<*>;cid=CID-254fec23-fa57-<*>-<*>-92d5cf14cc2e;nsid=<*>;c=<*>) Starting thread to transfer BP-<*>-<*><*>:<*>_<*> to <*> <*> <*> <*> <*> <*> <*>",14
532,0c7fca95,"VolumeScanner(/opt/hdfs/data, DS-76445d18-d454-4ea4-ba1d-34302a85a21d): Not scheduling suspect block BP-<*>-<*><*>:<*>_<*> for rescanning, because we rescanned it recently.",294
533,6a9ea33d,"VolumeScanner(/opt/hdfs/data, DS-bcc11f7f-7a07-4b2b-9bce-45ff247878dc): finished scanning block pool BP-<*>-<*>-<*>",6
534,79969746,"DatanodeRegistration(<*>, datanodeUuid=f80a7bac-b6b5-4c05-a6b8-e78c2c7aa549, infoPort=<*>, infoSecurePort=<*>, ipcPort=<*>, storageInfo=lv=<*>;cid=CID-254fec23-fa57-<*>-<*>-92d5cf14cc2e;nsid=<*>;c=<*>):Exception writing BP-<*>-<*><*>:<*>_<*> to mirror <*>",2
535,65673d32,"VolumeScanner(/tmp/hadoop-hdfs/dfs/data, DS-2c9dc7cc-acb8-4a22-<*>-d3376c36f8d7): finished scanning block pool BP-<*>-<*>-<*>",1
536,0ad74539,"VolumeScanner(/opt/hdfs/data, DS-8de4ae37-fac2-404a-a8e3-dcecd440f907) exiting.",6
537,3bc46c1f,"Now rescanning bpid BP-<*>-<*><*> on volume /opt/hdfs/data, after more than <*> hour(s)",204
538,bfefeb23,"VolumeScanner(/tmp/hadoop-hdfs/dfs/data, DS-2c9dc7cc-acb8-4a22-<*>-d3376c36f8d7): no suitable block pools found to scan. Waiting <*> ms.",1
539,c80836d2,"DatanodeRegistration(<*>, datanodeUuid=763295e4-6a5f-4f00-a559-614cb9d92271, infoPort=<*>, infoSecurePort=<*>, ipcPort=<*>, storageInfo=lv=<*>;cid=CID-254fec23-fa57-<*>-<*>-92d5cf14cc2e;nsid=<*>;c=<*>) Starting thread to transfer BP-<*>-<*><*>:<*>_<*> to <*>",10934
540,a0c756ad,"VolumeScanner(/opt/hdfs/data, DS-9a09120d-<*>-<*>-b289-cea074604f4a) exiting.",4
541,3b194b6a,"VolumeScanner(/opt/hdfs/data, DS-76445d18-d454-4ea4-ba1d-34302a85a21d) exiting.",6
542,361af99f,"VolumeScanner(/opt/hdfs/data, DS-f3fe2187-b185-<*>-8fc2-53b08de7058c): Not scheduling suspect block BP-<*>-<*><*>:<*>_<*> for rescanning, because we rescanned it recently.",623
543,750f1f68,"VolumeScanner(/opt/hdfs/data, DS-e9c6f5f2-d802-4e59-a09d-091ce3c604fc): no suitable block pools found to scan. Waiting <*> ms.",15
544,fd985bbf,Lock on <*> acquired by nodename <*>@mesos-slave-<*>,401
545,dcb9d8be,"VolumeScanner(/opt/hdfs/data, DS-7a6c123d-b84a-4edc-abf8-95308e85b571) exiting.",5
546,0f73756e,"VolumeScanner(/opt/hdfs/data, DS-44fcd72c-68b5-4c2d-a193-0777cacd76d3) exiting.",6
547,73fd80ca,"VolumeScanner(/opt/hdfs/data, DS-94864aae-c689-4aac-86cb-754ab8ffdd23): suspect block BP-<*>-<*><*>:<*>_<*> is already queued for rescanning.",1830
548,b996505f,Deleted BP-<*>-<*><*> <*>_<*> file <*>,6104252
